Company,Year,Summary,Key Risks,Recommendations,Confidence Notes
Acme Manufacturing Ltd,2020,"Acme Manufacturing Ltd — Fiscal year 2020. The company displays adequate short‑term liquidity by conventional benchmarks (current and quick ratios ~1.59). Profitability on a gross and operating basis is strong (gross margin 86.7%; operating margin 28.9%), but the bottom line is loss‑making (net margin -154.6%), producing negative returns (ROA -108.3%; ROE -202.1%). Leverage is material (debt/equity 0.98) and the ability to cover interest is weak (interest coverage 0.28). Asset turnover is modest (0.70). Overall, there is a pronounced disconnect between operating profitability and net profit/returns that warrants focused review.","- Earnings sustainability and losses: net margin (-1.546 or -154.6%) and negative ROA/ROE indicate the company reported a loss in 2020 despite positive gross and operating margins. This creates risk to capital preservation and future dividend capacity. - Interest and liquidity stress: interest coverage is 0.278 (below 1.0), indicating operating income is insufficient to cover interest expense; this raises short‑term solvency concerns if financing costs persist or increase. - Leverage concentration: debt/equity of 0.983 is material and, combined with weak interest coverage and net losses, increases refinancing and covenant risk. - Asset efficiency: asset turnover of 0.700 is moderate relative to the strong gross margin, suggesting capital may be underutilised or that a significant portion of assets is not contributing proportionally to revenue. - Earnings quality / one‑off items: the divergence between strong gross/operating margins and a large negative net margin suggests significant non‑operating charges, financing costs, impairments, or tax effects; these items should be identified and quantified. metrics_exceeding_conservative_thresholds: - current_ratio: 1.5876 — exceeds a commonly used conservative liquidity benchmark of 1.5. - quick_ratio: 1.5876 — exceeds a commonly used conservative quick liquidity benchmark of 1.5. - gross_margin: 0.8674 — materially exceeds a commonly used illustrative benchmark of 0.50 for gross profitability. Notes: The thresholds cited above are commonly used conservative reference points for preliminary screening; they are presented to highlight where the company outperforms such reference values. These benchmarks are not exhaustive nor tailored to Acme’s industry specifics.","- Investigate drivers of the negative net margin: obtain a reconciled income statement showing non‑operating items, interest expense detail, impairments, tax items, and one‑off charges to determine whether losses are persistent or episodic. - Assess debt composition and refinancing risk: review maturities, covenants, interest rates, and counterparty exposure. Model cashflow impact under stress scenarios given interest coverage <1.0. - Strengthen cashflow and capital allocation: prioritize working capital initiatives and review capital projects to improve asset turnover; consider asset disposals or efficiency programs where returns are inadequate. - Cost of debt mitigation: engage with lenders to explore repricing, covenant relief, or longer maturities to reduce near‑term interest burden; evaluate interest rate hedging if appropriate. - Governance and reporting enhancements: require management to provide a detailed variance analysis reconciling operating profits to net loss, and regular forecasting to monitor whether operating profitability converts to net profitability in a reasonable horizon. - Monitor solvency metrics regularly: given leverage and weak interest coverage, establish more frequent (monthly or quarterly) review of liquidity and covenant compliance.","- Source: analysis is based solely on the supplied 2020 ratio values. No additional financial statements, notes, or comparative period data were provided. - Limitations: absence of income statement detail, cash flow statements, balance sheet composition, and trend data limits the ability to attribute causes (e.g., one‑time items vs. recurring charges) or to perform scenario analysis. Recommendations are conditional on those details. - Certainty: observations on computed ratios are factual given the supplied inputs. Interpretations regarding causes and recommended actions are conservative and contingent on obtaining the underlying financial schedules and disclosures for audit‑grade validation."
Acme Manufacturing Ltd,2021,"Acme Manufacturing Ltd (2021) presents a mixed financial profile. Liquidity measures (current_ratio and quick_ratio at 3.08) indicate ample short-term liquidity. Profitability indicators show large disparities: very high gross margin (85.49%) and a positive operating margin (21.22%) contrasted with a substantial net loss (net_margin -78.71%), negative return on assets (roa -60.77%) and negative return on equity (roe -213.22%). Leverage is material (debt_equity 1.358) and interest coverage is below 1 (0.389), indicating operating income is insufficient to cover reported interest expense. Asset turnover is moderate (0.772). These figures warrant detailed inquiry into below-the-operating-line items (finance costs, taxes, non-operating charges) and one-off events to reconcile operating profitability with reported net loss.","- Interest coverage below conservative threshold: interest_coverage = 0.3888. This indicates operating profit does not cover interest expense and raises solvency and covenant risk if borrowing terms require minimum coverage. - High leverage relative to equity: debt_equity = 1.3584. Leverage at this level increases financial risk and sensitivity to earnings volatility. - Large net loss and negative returns: net_margin = -0.7871, roa = -0.6077, roe = -2.1322. These metrics indicate significant losses at the net level and aggressive erosion of asset and shareholder value. - Discrepancy between operating and net results: gross_margin = 0.8549 and operating_margin = 0.2122 are strong, yet net results are substantially negative — risk of material non-operating items (finance costs, impairments, extraordinary losses) or accounting adjustments. - Moderate asset utilization: asset_turnover = 0.7722. Given the high margins, the company relies on margin rather than turnover; this may limit scalability and increases dependence on maintaining high margins. - Concentration of liquidity vs. solvency risk: current_ratio and quick_ratio = 3.0795 suggest short-term liquidity is adequate, but do not mitigate longer-term solvency concerns arising from leverage and inadequate interest coverage.","- Investigate non-operating and below-the-line items: perform targeted audit procedures on finance costs, impairment charges, restructuring or one-off losses, and tax provisions to explain the gap between operating profit and net loss. - Assess debt terms and covenant compliance: review loan agreements, covenants, maturity schedules, and any refinancing needs given low interest coverage and elevated debt/equity. - Sensitivity and going-concern analysis: prepare scenario analyses for cash flows and interest coverage under plausible stress cases; evaluate need for management plans if covenants or liquidity could be breached. - Review internal controls over financial reporting for non-operating transactions: validate completeness and accuracy of disclosures and accounting treatments for significant non-operating items. - Consider capital structure options: management should evaluate deleveraging strategies (asset sales, equity injections, refinancing) and quantify impact on interest burden and solvency metrics. - Monitor margin sustainability and asset deployment: given high gross and operating margins, assess concentration, pricing risk, and whether margins are sustainable without reliance on exceptional items.","- Assessment is based solely on the provided 2021 ratio set. No underlying financial statements, notes, cash-flow detail, or multi-year trend data were provided. - Conclusions are diagnostic and require corroboration through substantive audit evidence and review of source documents (general ledger, contracts, loan agreements, management representations). - Metrics exceeding conservative thresholds were highlighted using standard conservative benchmarks (interest coverage <1, debt/equity >1, negative margins/returns). Further context may change risk priority."
Acme Manufacturing Ltd,2022,summary Acme Manufacturing Ltd — 2022 financial diagnostic. The company reports strong liquidity and profitability on the supplied ratios: current_ratio and quick_ratio both 3.41; gross_margin 96.83%; operating_margin 68.03%; net_margin 30.19%; asset_turnover 1.99; roa 60.08%; roe 154.84%. Leverage is moderate (debt_equity 0.70) while interest_coverage is 2.45. These figures indicate materially high margins and returns alongside conservative leverage; interest cover is below commonly used conservative thresholds. The analysis below highlights items that warrant further audit attention and practical follow-up actions.,summary Acme Manufacturing Ltd — 2022 financial diagnostic. The company reports strong liquidity and profitability on the supplied ratios: current_ratio and quick_ratio both 3.41; gross_margin 96.83%; operating_margin 68.03%; net_margin 30.19%; asset_turnover 1.99; roa 60.08%; roe 154.84%. Leverage is moderate (debt_equity 0.70) while interest_coverage is 2.45. These figures indicate materially high margins and returns alongside conservative leverage; interest cover is below commonly used conservative thresholds. The analysis below highlights items that warrant further audit attention and practical follow-up actions.,summary Acme Manufacturing Ltd — 2022 financial diagnostic. The company reports strong liquidity and profitability on the supplied ratios: current_ratio and quick_ratio both 3.41; gross_margin 96.83%; operating_margin 68.03%; net_margin 30.19%; asset_turnover 1.99; roa 60.08%; roe 154.84%. Leverage is moderate (debt_equity 0.70) while interest_coverage is 2.45. These figures indicate materially high margins and returns alongside conservative leverage; interest cover is below commonly used conservative thresholds. The analysis below highlights items that warrant further audit attention and practical follow-up actions.,summary Acme Manufacturing Ltd — 2022 financial diagnostic. The company reports strong liquidity and profitability on the supplied ratios: current_ratio and quick_ratio both 3.41; gross_margin 96.83%; operating_margin 68.03%; net_margin 30.19%; asset_turnover 1.99; roa 60.08%; roe 154.84%. Leverage is moderate (debt_equity 0.70) while interest_coverage is 2.45. These figures indicate materially high margins and returns alongside conservative leverage; interest cover is below commonly used conservative thresholds. The analysis below highlights items that warrant further audit attention and practical follow-up actions.
Acme Manufacturing Ltd,2023,"summary Acme Manufacturing Ltd — 2023: Liquidity and profitability metrics are strong on a standalone basis; leverage and interest coverage warrant closer review. Presented ratios indicate substantial gross and operating margins, high returns on assets and equity, and a conservative liquidity position. Debt levels relative to equity and interest coverage are areas of potential risk despite overall positive profitability.","summary Acme Manufacturing Ltd — 2023: Liquidity and profitability metrics are strong on a standalone basis; leverage and interest coverage warrant closer review. Presented ratios indicate substantial gross and operating margins, high returns on assets and equity, and a conservative liquidity position. Debt levels relative to equity and interest coverage are areas of potential risk despite overall positive profitability.","summary Acme Manufacturing Ltd — 2023: Liquidity and profitability metrics are strong on a standalone basis; leverage and interest coverage warrant closer review. Presented ratios indicate substantial gross and operating margins, high returns on assets and equity, and a conservative liquidity position. Debt levels relative to equity and interest coverage are areas of potential risk despite overall positive profitability.","summary Acme Manufacturing Ltd — 2023: Liquidity and profitability metrics are strong on a standalone basis; leverage and interest coverage warrant closer review. Presented ratios indicate substantial gross and operating margins, high returns on assets and equity, and a conservative liquidity position. Debt levels relative to equity and interest coverage are areas of potential risk despite overall positive profitability."
Banyan Retail Co,2020,"summary Banyan Retail Co (2020) presents materially strong liquidity and profitability metrics alongside meaningful leverage and limited interest cover. Key ratios: current ratio 2.51 and quick ratio 2.51 indicate robust short-term liquidity; gross margin 75.71%, operating margin 63.20%, and net margin 18.09% indicate unusually high profitability at each income-statement level; asset turnover 3.23, return on assets (ROA) 58.50%, and return on equity (ROE) 79.64% indicate very high efficiency and returns. Debt-to-equity is 1.05, showing meaningful use of debt financing, while interest coverage is 2.02, which is modest relative to customary conservative benchmarks. All observations are strictly based on the provided 2020 ratios.","summary Banyan Retail Co (2020) presents materially strong liquidity and profitability metrics alongside meaningful leverage and limited interest cover. Key ratios: current ratio 2.51 and quick ratio 2.51 indicate robust short-term liquidity; gross margin 75.71%, operating margin 63.20%, and net margin 18.09% indicate unusually high profitability at each income-statement level; asset turnover 3.23, return on assets (ROA) 58.50%, and return on equity (ROE) 79.64% indicate very high efficiency and returns. Debt-to-equity is 1.05, showing meaningful use of debt financing, while interest coverage is 2.02, which is modest relative to customary conservative benchmarks. All observations are strictly based on the provided 2020 ratios.","summary Banyan Retail Co (2020) presents materially strong liquidity and profitability metrics alongside meaningful leverage and limited interest cover. Key ratios: current ratio 2.51 and quick ratio 2.51 indicate robust short-term liquidity; gross margin 75.71%, operating margin 63.20%, and net margin 18.09% indicate unusually high profitability at each income-statement level; asset turnover 3.23, return on assets (ROA) 58.50%, and return on equity (ROE) 79.64% indicate very high efficiency and returns. Debt-to-equity is 1.05, showing meaningful use of debt financing, while interest coverage is 2.02, which is modest relative to customary conservative benchmarks. All observations are strictly based on the provided 2020 ratios.","summary Banyan Retail Co (2020) presents materially strong liquidity and profitability metrics alongside meaningful leverage and limited interest cover. Key ratios: current ratio 2.51 and quick ratio 2.51 indicate robust short-term liquidity; gross margin 75.71%, operating margin 63.20%, and net margin 18.09% indicate unusually high profitability at each income-statement level; asset turnover 3.23, return on assets (ROA) 58.50%, and return on equity (ROE) 79.64% indicate very high efficiency and returns. Debt-to-equity is 1.05, showing meaningful use of debt financing, while interest coverage is 2.02, which is modest relative to customary conservative benchmarks. All observations are strictly based on the provided 2020 ratios."
Banyan Retail Co,2021,"summary Banyan Retail Co — fiscal year 2021: The company shows materially weak profitability and leverage concerns despite positive short-term liquidity. Key ratios: current ratio 1.705, quick ratio 1.705, gross margin 3.62%, operating margin -64.58%, net margin -148.28%, debt-to-equity 1.489, interest coverage -1.325, asset turnover 0.625, return on assets -92.63%, return on equity -214.98%. These results indicate that Banyan is liquid on a near-term basis but is not generating sufficient operating profit or returns and carries elevated financial leverage.","summary Banyan Retail Co — fiscal year 2021: The company shows materially weak profitability and leverage concerns despite positive short-term liquidity. Key ratios: current ratio 1.705, quick ratio 1.705, gross margin 3.62%, operating margin -64.58%, net margin -148.28%, debt-to-equity 1.489, interest coverage -1.325, asset turnover 0.625, return on assets -92.63%, return on equity -214.98%. These results indicate that Banyan is liquid on a near-term basis but is not generating sufficient operating profit or returns and carries elevated financial leverage.","summary Banyan Retail Co — fiscal year 2021: The company shows materially weak profitability and leverage concerns despite positive short-term liquidity. Key ratios: current ratio 1.705, quick ratio 1.705, gross margin 3.62%, operating margin -64.58%, net margin -148.28%, debt-to-equity 1.489, interest coverage -1.325, asset turnover 0.625, return on assets -92.63%, return on equity -214.98%. These results indicate that Banyan is liquid on a near-term basis but is not generating sufficient operating profit or returns and carries elevated financial leverage.","summary Banyan Retail Co — fiscal year 2021: The company shows materially weak profitability and leverage concerns despite positive short-term liquidity. Key ratios: current ratio 1.705, quick ratio 1.705, gross margin 3.62%, operating margin -64.58%, net margin -148.28%, debt-to-equity 1.489, interest coverage -1.325, asset turnover 0.625, return on assets -92.63%, return on equity -214.98%. These results indicate that Banyan is liquid on a near-term basis but is not generating sufficient operating profit or returns and carries elevated financial leverage."
Banyan Retail Co,2022,"Banyan Retail Co's 2022 financial ratios show a mixed liquidity position but significant operating and profitability weaknesses and elevated leverage risk. The company reports a strong current and quick ratio (2.89), indicating short-term liquidity coverage of current liabilities by current assets. However, operating margin (-77.74%), net margin (-284.43%), negative return on assets (ROA -100.76%) and return on equity (ROE -246.83%) indicate the company incurred substantial operating losses and destroyed economic value in 2022. Debt-to-equity (1.15) denotes leverage above a conservative benchmark. Interest coverage is negative (-0.58), indicating operating income did not cover interest expense. Asset turnover (0.35) is low, consistent with weak revenue generation relative to asset base. Taken together, the ratios point to critical profitability and solvency concerns despite apparent short-term liquidity.","- Operating loss magnitude: operating_margin = -77.7355% exceeds conservative concern threshold (operating_margin < 0%). This indicates the core retail operations were loss-making in 2022. - Deep net loss: net_margin = -284.4342% exceeds conservative concern threshold (net_margin < 0%). The scale of the net loss relative to sales is materially adverse. - Negative returns: roa = -100.7614% and roe = -246.8250% exceed conservative concern thresholds (ROA < 0; ROE < 0), reflecting value destruction for both creditors and equity holders in 2022. - Inability to service interest from operations: interest_coverage = -0.5799 exceeds the conservative concern threshold (interest_coverage < 1). Operating income was insufficient to cover interest expense. - Elevated leverage: debt_equity = 1.1459 exceeds a conservative leverage threshold (debt_equity > 1), indicating a higher reliance on debt financing relative to equity. - Low asset efficiency: asset_turnover = 0.3543 exceeds the conservative concern threshold for low efficiency (asset_turnover < 1), suggesting weak revenue generation from assets. - Liquidity caveat: current_ratio and quick_ratio = 2.8880 are above conservative thresholds (current_ratio >= 1.5; quick_ratio >= 1.0) and therefore appear healthy; however, given the operating losses and negative cash generation implied by other metrics, liquidity could be stressed going forward if losses persist.","- Immediate management focus on restoring profitable operations: perform a detailed cost and margin review by product/store channel to identify loss drivers and opportunities to restore positive operating margins. - Cash flow and liquidity planning: prepare a rolling 12-month cash flow forecast and contingency financing plan, recognizing that high operating losses and negative interest coverage increase refinancing and covenant risk. - Capital structure assessment: evaluate options to reduce leverage (e.g., asset disposals, equity injections, renegotiation of debt terms) to bring debt_equity toward more conservative levels and reduce interest burden. - Interest and debt servicing actions: engage lenders early to discuss covenant headroom and potential modifications; consider refinancing higher-cost debt if feasible. - Asset utilization: review underperforming assets and consider rationalization, lease renegotiation, or redeployment to improve asset_turnover. - Strengthen financial reporting and monitoring: increase frequency of operational KPIs (gross margin by channel, cash burn, working capital days) for early detection and corrective action. - Independent review: consider an external operational and financial turnaround advisor if internal measures are insufficient to restore sustainable profitability.","- Analysis is solely based on the provided 2022 ratio set and does not incorporate supporting schedules, management forecasts, subsequent events, or audited financial statement details beyond the supplied ratios. - Thresholds cited above are conservative benchmarks for risk identification and are disclosed explicitly for transparency; they are not derived from the company's internal targets or industry-specific peer analysis. - No forward-looking forecasts or trend analyses were performed; recommendations are precautionary and contingent on further review of underlying financial statements, cash flow data, and management plans."
Banyan Retail Co,2023,"summary Banyan Retail Co — 2023 financial diagnostic. Composite risk score: 0.25 (risk band: low). Liquidity ratios are elevated (current_ratio and quick_ratio: 4.92). Profitability and returns are negative: gross_margin: -11.39%, operating_margin: -41.50%, net_margin: -154.69%, ROA: -59.02%, ROE: -176.13%. Leverage is moderate (debt_equity: 0.94) and interest coverage is negative (-0.38), indicating operating losses relative to interest expense. Asset turnover is low (0.38). These observations indicate strong short-term liquidity but material operating and net losses in 2023.","summary Banyan Retail Co — 2023 financial diagnostic. Composite risk score: 0.25 (risk band: low). Liquidity ratios are elevated (current_ratio and quick_ratio: 4.92). Profitability and returns are negative: gross_margin: -11.39%, operating_margin: -41.50%, net_margin: -154.69%, ROA: -59.02%, ROE: -176.13%. Leverage is moderate (debt_equity: 0.94) and interest coverage is negative (-0.38), indicating operating losses relative to interest expense. Asset turnover is low (0.38). These observations indicate strong short-term liquidity but material operating and net losses in 2023.","summary Banyan Retail Co — 2023 financial diagnostic. Composite risk score: 0.25 (risk band: low). Liquidity ratios are elevated (current_ratio and quick_ratio: 4.92). Profitability and returns are negative: gross_margin: -11.39%, operating_margin: -41.50%, net_margin: -154.69%, ROA: -59.02%, ROE: -176.13%. Leverage is moderate (debt_equity: 0.94) and interest coverage is negative (-0.38), indicating operating losses relative to interest expense. Asset turnover is low (0.38). These observations indicate strong short-term liquidity but material operating and net losses in 2023.","summary Banyan Retail Co — 2023 financial diagnostic. Composite risk score: 0.25 (risk band: low). Liquidity ratios are elevated (current_ratio and quick_ratio: 4.92). Profitability and returns are negative: gross_margin: -11.39%, operating_margin: -41.50%, net_margin: -154.69%, ROA: -59.02%, ROE: -176.13%. Leverage is moderate (debt_equity: 0.94) and interest coverage is negative (-0.38), indicating operating losses relative to interest expense. Asset turnover is low (0.38). These observations indicate strong short-term liquidity but material operating and net losses in 2023."
Coastal Tech Ltd,2020,"summary Coastal Tech Ltd — fiscal year 2020. The company shows strong liquidity and high profitability on a margins basis, with moderate leverage and earnings returns. Key calculated ratios: current ratio 2.66, quick ratio 2.66, gross margin 76.16%, operating margin 50.05%, net margin 17.44%, debt-to-equity 0.93, interest coverage 1.72, asset turnover 0.98, return on assets (ROA) 17.13%, return on equity (ROE) 43.85%. The following assessment uses conservative benchmark thresholds (stated below) to identify metrics that materially exceed conservative expectations and to note areas warranting attention.","summary Coastal Tech Ltd — fiscal year 2020. The company shows strong liquidity and high profitability on a margins basis, with moderate leverage and earnings returns. Key calculated ratios: current ratio 2.66, quick ratio 2.66, gross margin 76.16%, operating margin 50.05%, net margin 17.44%, debt-to-equity 0.93, interest coverage 1.72, asset turnover 0.98, return on assets (ROA) 17.13%, return on equity (ROE) 43.85%. The following assessment uses conservative benchmark thresholds (stated below) to identify metrics that materially exceed conservative expectations and to note areas warranting attention.","summary Coastal Tech Ltd — fiscal year 2020. The company shows strong liquidity and high profitability on a margins basis, with moderate leverage and earnings returns. Key calculated ratios: current ratio 2.66, quick ratio 2.66, gross margin 76.16%, operating margin 50.05%, net margin 17.44%, debt-to-equity 0.93, interest coverage 1.72, asset turnover 0.98, return on assets (ROA) 17.13%, return on equity (ROE) 43.85%. The following assessment uses conservative benchmark thresholds (stated below) to identify metrics that materially exceed conservative expectations and to note areas warranting attention.","summary Coastal Tech Ltd — fiscal year 2020. The company shows strong liquidity and high profitability on a margins basis, with moderate leverage and earnings returns. Key calculated ratios: current ratio 2.66, quick ratio 2.66, gross margin 76.16%, operating margin 50.05%, net margin 17.44%, debt-to-equity 0.93, interest coverage 1.72, asset turnover 0.98, return on assets (ROA) 17.13%, return on equity (ROE) 43.85%. The following assessment uses conservative benchmark thresholds (stated below) to identify metrics that materially exceed conservative expectations and to note areas warranting attention."
Coastal Tech Ltd,2021,"{ ""summary"": ""Coastal Tech Ltd (2021) presents a mixed financial profile. Liquidity ratios are below conservative benchmarks, leverage is above a conservative comfort level, profitability at the operating and gross level is strong, but the company reports a small negative net margin and negative returns (ROA and ROE). Interest coverage is positive but below conservative safety thresholds. Asset turnover is high. The data indicate areas of operational strength offset by liquidity, leverage and bottom-line profitability concerns."", ""key_risks"": [ { ""risk"": ""Liquidity shortfall"", ""evidence"": ""current_ratio 0.5610 and quick_ratio 0.5610 are below a conservative threshold of 1.0, indicating limited short-term liquidity cushion."" }, { ""risk"": ""High leverage"", ""evidence"": ""debt_equity 1.0512 exceeds a conservative threshold of 1.0, indicating reliance on debt financing relative to equity."" }, { ""risk"": ""Insufficient interest protection"", ""evidence"": ""interest_coverage 1.9469 is below a conservative threshold of 3.0, suggesting limited ability to absorb interest expense shocks."" }, { ""risk"": ""Negative net profitability and returns"", ""evidence"": ""net_margin -0.0440, roa -0.1319 and roe -0.1033 indicate the company did not generate positive net income relative to sales, assets or equity in 2021."" }, { ""risk"": ""Concentration of operating profitability"", ""evidence"": ""gross_margin 0.9458 and operating_margin 0.5650 materially exceed conservative upper expectations for typical industry margins; such unusually high margins warrant review of recognition policies, cost allocation, or one-off items to confirm sustainability and accounting treatment."" } ], ""recommendations"": [ ""Address short-term liquidity: Evaluate working capital management actions (collection practices, inventory management, payable terms) or secure committed short-term financing to raise current and quick ratios toward or above 1.0."", ""Review capital structure: Consider options to reduce leverage (debt repayments, equity infusion) to lower debt_equity toward conservative levels below 1.0 where practicable."", ""Strengthen interest coverage: Reduce interest-bearing debt or refinance to lower interest expense to increase the interest_coverage ratio toward or above 3.0."", ""Investigate causes of negative net margin and returns: Perform a detailed reconciliation from operating profit to net income to identify non-operating losses, unusual items, tax effects, or one-time charges driving the negative net_margin and negative returns (ROA, ROE)."", ""Validate unusually high gross and operating margins: Conduct audit procedures to confirm revenue recognition, cost capitalization, and expense classification. Assess whether margins are sustainable and supported by underlying operations."", ""Stress testing and contingency planning: Develop cash-flow stress scenarios given limited liquidity and elevated leverage, and prepare contingency plans for covenant compliance and working capital shortfalls."" ], ""confidence_notes"": ""Analysis is based solely on the provided 2021 ratio set. No time-series data, footnotes, or supporting financial statement detail were available. Recommendations are cautious and contingent on verification of underlying accounting records and additional financial context. No metrics, trends, or assumptions beyond the supplied ratios have been introduced."" }","{ ""summary"": ""Coastal Tech Ltd (2021) presents a mixed financial profile. Liquidity ratios are below conservative benchmarks, leverage is above a conservative comfort level, profitability at the operating and gross level is strong, but the company reports a small negative net margin and negative returns (ROA and ROE). Interest coverage is positive but below conservative safety thresholds. Asset turnover is high. The data indicate areas of operational strength offset by liquidity, leverage and bottom-line profitability concerns."", ""key_risks"": [ { ""risk"": ""Liquidity shortfall"", ""evidence"": ""current_ratio 0.5610 and quick_ratio 0.5610 are below a conservative threshold of 1.0, indicating limited short-term liquidity cushion."" }, { ""risk"": ""High leverage"", ""evidence"": ""debt_equity 1.0512 exceeds a conservative threshold of 1.0, indicating reliance on debt financing relative to equity."" }, { ""risk"": ""Insufficient interest protection"", ""evidence"": ""interest_coverage 1.9469 is below a conservative threshold of 3.0, suggesting limited ability to absorb interest expense shocks."" }, { ""risk"": ""Negative net profitability and returns"", ""evidence"": ""net_margin -0.0440, roa -0.1319 and roe -0.1033 indicate the company did not generate positive net income relative to sales, assets or equity in 2021."" }, { ""risk"": ""Concentration of operating profitability"", ""evidence"": ""gross_margin 0.9458 and operating_margin 0.5650 materially exceed conservative upper expectations for typical industry margins; such unusually high margins warrant review of recognition policies, cost allocation, or one-off items to confirm sustainability and accounting treatment."" } ], ""recommendations"": [ ""Address short-term liquidity: Evaluate working capital management actions (collection practices, inventory management, payable terms) or secure committed short-term financing to raise current and quick ratios toward or above 1.0."", ""Review capital structure: Consider options to reduce leverage (debt repayments, equity infusion) to lower debt_equity toward conservative levels below 1.0 where practicable."", ""Strengthen interest coverage: Reduce interest-bearing debt or refinance to lower interest expense to increase the interest_coverage ratio toward or above 3.0."", ""Investigate causes of negative net margin and returns: Perform a detailed reconciliation from operating profit to net income to identify non-operating losses, unusual items, tax effects, or one-time charges driving the negative net_margin and negative returns (ROA, ROE)."", ""Validate unusually high gross and operating margins: Conduct audit procedures to confirm revenue recognition, cost capitalization, and expense classification. Assess whether margins are sustainable and supported by underlying operations."", ""Stress testing and contingency planning: Develop cash-flow stress scenarios given limited liquidity and elevated leverage, and prepare contingency plans for covenant compliance and working capital shortfalls."" ], ""confidence_notes"": ""Analysis is based solely on the provided 2021 ratio set. No time-series data, footnotes, or supporting financial statement detail were available. Recommendations are cautious and contingent on verification of underlying accounting records and additional financial context. No metrics, trends, or assumptions beyond the supplied ratios have been introduced."" }","{ ""summary"": ""Coastal Tech Ltd (2021) presents a mixed financial profile. Liquidity ratios are below conservative benchmarks, leverage is above a conservative comfort level, profitability at the operating and gross level is strong, but the company reports a small negative net margin and negative returns (ROA and ROE). Interest coverage is positive but below conservative safety thresholds. Asset turnover is high. The data indicate areas of operational strength offset by liquidity, leverage and bottom-line profitability concerns."", ""key_risks"": [ { ""risk"": ""Liquidity shortfall"", ""evidence"": ""current_ratio 0.5610 and quick_ratio 0.5610 are below a conservative threshold of 1.0, indicating limited short-term liquidity cushion."" }, { ""risk"": ""High leverage"", ""evidence"": ""debt_equity 1.0512 exceeds a conservative threshold of 1.0, indicating reliance on debt financing relative to equity."" }, { ""risk"": ""Insufficient interest protection"", ""evidence"": ""interest_coverage 1.9469 is below a conservative threshold of 3.0, suggesting limited ability to absorb interest expense shocks."" }, { ""risk"": ""Negative net profitability and returns"", ""evidence"": ""net_margin -0.0440, roa -0.1319 and roe -0.1033 indicate the company did not generate positive net income relative to sales, assets or equity in 2021."" }, { ""risk"": ""Concentration of operating profitability"", ""evidence"": ""gross_margin 0.9458 and operating_margin 0.5650 materially exceed conservative upper expectations for typical industry margins; such unusually high margins warrant review of recognition policies, cost allocation, or one-off items to confirm sustainability and accounting treatment."" } ], ""recommendations"": [ ""Address short-term liquidity: Evaluate working capital management actions (collection practices, inventory management, payable terms) or secure committed short-term financing to raise current and quick ratios toward or above 1.0."", ""Review capital structure: Consider options to reduce leverage (debt repayments, equity infusion) to lower debt_equity toward conservative levels below 1.0 where practicable."", ""Strengthen interest coverage: Reduce interest-bearing debt or refinance to lower interest expense to increase the interest_coverage ratio toward or above 3.0."", ""Investigate causes of negative net margin and returns: Perform a detailed reconciliation from operating profit to net income to identify non-operating losses, unusual items, tax effects, or one-time charges driving the negative net_margin and negative returns (ROA, ROE)."", ""Validate unusually high gross and operating margins: Conduct audit procedures to confirm revenue recognition, cost capitalization, and expense classification. Assess whether margins are sustainable and supported by underlying operations."", ""Stress testing and contingency planning: Develop cash-flow stress scenarios given limited liquidity and elevated leverage, and prepare contingency plans for covenant compliance and working capital shortfalls."" ], ""confidence_notes"": ""Analysis is based solely on the provided 2021 ratio set. No time-series data, footnotes, or supporting financial statement detail were available. Recommendations are cautious and contingent on verification of underlying accounting records and additional financial context. No metrics, trends, or assumptions beyond the supplied ratios have been introduced."" }","{ ""summary"": ""Coastal Tech Ltd (2021) presents a mixed financial profile. Liquidity ratios are below conservative benchmarks, leverage is above a conservative comfort level, profitability at the operating and gross level is strong, but the company reports a small negative net margin and negative returns (ROA and ROE). Interest coverage is positive but below conservative safety thresholds. Asset turnover is high. The data indicate areas of operational strength offset by liquidity, leverage and bottom-line profitability concerns."", ""key_risks"": [ { ""risk"": ""Liquidity shortfall"", ""evidence"": ""current_ratio 0.5610 and quick_ratio 0.5610 are below a conservative threshold of 1.0, indicating limited short-term liquidity cushion."" }, { ""risk"": ""High leverage"", ""evidence"": ""debt_equity 1.0512 exceeds a conservative threshold of 1.0, indicating reliance on debt financing relative to equity."" }, { ""risk"": ""Insufficient interest protection"", ""evidence"": ""interest_coverage 1.9469 is below a conservative threshold of 3.0, suggesting limited ability to absorb interest expense shocks."" }, { ""risk"": ""Negative net profitability and returns"", ""evidence"": ""net_margin -0.0440, roa -0.1319 and roe -0.1033 indicate the company did not generate positive net income relative to sales, assets or equity in 2021."" }, { ""risk"": ""Concentration of operating profitability"", ""evidence"": ""gross_margin 0.9458 and operating_margin 0.5650 materially exceed conservative upper expectations for typical industry margins; such unusually high margins warrant review of recognition policies, cost allocation, or one-off items to confirm sustainability and accounting treatment."" } ], ""recommendations"": [ ""Address short-term liquidity: Evaluate working capital management actions (collection practices, inventory management, payable terms) or secure committed short-term financing to raise current and quick ratios toward or above 1.0."", ""Review capital structure: Consider options to reduce leverage (debt repayments, equity infusion) to lower debt_equity toward conservative levels below 1.0 where practicable."", ""Strengthen interest coverage: Reduce interest-bearing debt or refinance to lower interest expense to increase the interest_coverage ratio toward or above 3.0."", ""Investigate causes of negative net margin and returns: Perform a detailed reconciliation from operating profit to net income to identify non-operating losses, unusual items, tax effects, or one-time charges driving the negative net_margin and negative returns (ROA, ROE)."", ""Validate unusually high gross and operating margins: Conduct audit procedures to confirm revenue recognition, cost capitalization, and expense classification. Assess whether margins are sustainable and supported by underlying operations."", ""Stress testing and contingency planning: Develop cash-flow stress scenarios given limited liquidity and elevated leverage, and prepare contingency plans for covenant compliance and working capital shortfalls."" ], ""confidence_notes"": ""Analysis is based solely on the provided 2021 ratio set. No time-series data, footnotes, or supporting financial statement detail were available. Recommendations are cautious and contingent on verification of underlying accounting records and additional financial context. No metrics, trends, or assumptions beyond the supplied ratios have been introduced."" }"
Coastal Tech Ltd,2022,"summary Coastal Tech Ltd — 2022 financial diagnostic. The company reports positive liquidity by commonly used measures (current ratio 1.497; quick ratio 1.497) but these sit at or marginally below conservative safety thresholds. Profitability is weak: gross margin is robust (66.9%) but operating margin is negative (‑4.58%) and net margin is substantially negative (‑43.93%). Leverage is elevated (debt-to-equity 9.05) and interest coverage is negative (‑0.26), indicating operating losses are insufficient to cover interest expense. Returns are negative: ROA (‑49.69%) and ROE (‑633.35%). Asset turnover is positive (1.13) and indicates revenue generation from assets, but is not sufficient to offset losses. Overall, the financial position shows material profitability and solvency concerns despite adequate short-term liquidity.","summary Coastal Tech Ltd — 2022 financial diagnostic. The company reports positive liquidity by commonly used measures (current ratio 1.497; quick ratio 1.497) but these sit at or marginally below conservative safety thresholds. Profitability is weak: gross margin is robust (66.9%) but operating margin is negative (‑4.58%) and net margin is substantially negative (‑43.93%). Leverage is elevated (debt-to-equity 9.05) and interest coverage is negative (‑0.26), indicating operating losses are insufficient to cover interest expense. Returns are negative: ROA (‑49.69%) and ROE (‑633.35%). Asset turnover is positive (1.13) and indicates revenue generation from assets, but is not sufficient to offset losses. Overall, the financial position shows material profitability and solvency concerns despite adequate short-term liquidity.","summary Coastal Tech Ltd — 2022 financial diagnostic. The company reports positive liquidity by commonly used measures (current ratio 1.497; quick ratio 1.497) but these sit at or marginally below conservative safety thresholds. Profitability is weak: gross margin is robust (66.9%) but operating margin is negative (‑4.58%) and net margin is substantially negative (‑43.93%). Leverage is elevated (debt-to-equity 9.05) and interest coverage is negative (‑0.26), indicating operating losses are insufficient to cover interest expense. Returns are negative: ROA (‑49.69%) and ROE (‑633.35%). Asset turnover is positive (1.13) and indicates revenue generation from assets, but is not sufficient to offset losses. Overall, the financial position shows material profitability and solvency concerns despite adequate short-term liquidity.","summary Coastal Tech Ltd — 2022 financial diagnostic. The company reports positive liquidity by commonly used measures (current ratio 1.497; quick ratio 1.497) but these sit at or marginally below conservative safety thresholds. Profitability is weak: gross margin is robust (66.9%) but operating margin is negative (‑4.58%) and net margin is substantially negative (‑43.93%). Leverage is elevated (debt-to-equity 9.05) and interest coverage is negative (‑0.26), indicating operating losses are insufficient to cover interest expense. Returns are negative: ROA (‑49.69%) and ROE (‑633.35%). Asset turnover is positive (1.13) and indicates revenue generation from assets, but is not sufficient to offset losses. Overall, the financial position shows material profitability and solvency concerns despite adequate short-term liquidity."
Coastal Tech Ltd,2023,"summary Coastal Tech Ltd (2023) presents a mixed financial profile. Liquidity measures are strong on a point-in-time basis, while profitability and coverage metrics are materially weak. Leverage is moderate. The composite risk score provided is 0.25 (risk band: low). The following observations are limited to the supplied ratios and do not incorporate external data or trends.","summary Coastal Tech Ltd (2023) presents a mixed financial profile. Liquidity measures are strong on a point-in-time basis, while profitability and coverage metrics are materially weak. Leverage is moderate. The composite risk score provided is 0.25 (risk band: low). The following observations are limited to the supplied ratios and do not incorporate external data or trends.","summary Coastal Tech Ltd (2023) presents a mixed financial profile. Liquidity measures are strong on a point-in-time basis, while profitability and coverage metrics are materially weak. Leverage is moderate. The composite risk score provided is 0.25 (risk band: low). The following observations are limited to the supplied ratios and do not incorporate external data or trends.","summary Coastal Tech Ltd (2023) presents a mixed financial profile. Liquidity measures are strong on a point-in-time basis, while profitability and coverage metrics are materially weak. Leverage is moderate. The composite risk score provided is 0.25 (risk band: low). The following observations are limited to the supplied ratios and do not incorporate external data or trends."
Emerald Energy Inc,2020,"{ ""summary"": ""This report presents a diagnostic assessment of Emerald Energy Inc for fiscal year 2020 using the supplied ratios. The company shows positive gross and operating margins but reports a net loss for the year. Liquidity is marginal, leverage is elevated, and profitability on both assets and equity is negative. Interest coverage is positive but below conservative comfort levels. The financial position warrants close monitoring and remedial action to address leverage and bottom-line performance."", ""key_risks"": [ { ""risk"": ""Liquidity shortfall"", ""evidence"": ""Current ratio = 0.9866; Quick ratio = 0.9866."", ""interpretation"": ""Both ratios are below 1.0, which is a typical conservative threshold for short-term liquidity adequacy. This indicates the company may have limited ability to meet short-term obligations without relying on asset liquidation or additional financing."" }, { ""risk"": ""High leverage"", ""evidence"": ""Debt-to-equity = 2.3413."", ""interpretation"": ""This ratio exceeds a conservative threshold commonly used for leveraged firms (e.g., 2.0). Elevated leverage increases financial risk and vulnerability to interest rate or cash-flow pressure."" }, { ""risk"": ""Weak profitability at the net and return levels"", ""evidence"": ""Net margin = -0.0807; ROA = -0.09497; ROE = -0.28719."", ""interpretation"": ""The company generated a net loss for the year and negative returns on assets and equity. Negative ROE of this magnitude indicates equity capital is not producing positive returns and suggests impairment of shareholder value."" }, { ""risk"": ""Suboptimal interest coverage"", ""evidence"": ""Interest coverage = 2.1729."", ""interpretation"": ""Interest coverage is positive but below conservative comfort thresholds (commonly 3.0 or higher). This limits the margin of safety available to absorb earnings volatility while servicing debt."" } ], ""recommendations"": [ ""Address short-term liquidity: prioritize cash-preservation measures, accelerate receivables where feasible, and review short-term payables terms. Consider contingency financing arrangements to ensure coverage of near-term obligations."", ""Reduce leverage over time: evaluate options to deleverage, including targeted debt repayments, negotiating covenant relief or refinancing to longer maturities, and assessing non-core asset sales if consistent with strategic objectives."", ""Restore profitability: perform a focused review of operating expenses and cost structure despite a healthy gross margin, with the aim of converting operating profit into net profit. Investigate tax, non-operating items, or one-time charges that contributed to the net loss."", ""Improve interest coverage resilience: until interest coverage exceeds conservative targets, maintain cautious capital allocation and limit additional fixed-charge commitments."", ""Enhance financial monitoring and reporting: implement rolling cash-flow forecasts, scenario analysis for downside stress, and regular covenant compliance reporting to management and lenders."" ], ""confidence_notes"": ""The analysis is strictly based on the supplied ratio values for 2020. No other financial statement details, trends over time, or forward-looking information were provided. Interpretations reference commonly used conservative threshold levels (e.g., current ratio of 1.0, debt-to-equity of 2.0, interest coverage of 3.0) for risk assessment; these thresholds are illustrative and may not represent industry-specific or company-specific acceptable limits. Recommendations should be validated against full financial statements and management input before implementation."" }","{ ""summary"": ""This report presents a diagnostic assessment of Emerald Energy Inc for fiscal year 2020 using the supplied ratios. The company shows positive gross and operating margins but reports a net loss for the year. Liquidity is marginal, leverage is elevated, and profitability on both assets and equity is negative. Interest coverage is positive but below conservative comfort levels. The financial position warrants close monitoring and remedial action to address leverage and bottom-line performance."", ""key_risks"": [ { ""risk"": ""Liquidity shortfall"", ""evidence"": ""Current ratio = 0.9866; Quick ratio = 0.9866."", ""interpretation"": ""Both ratios are below 1.0, which is a typical conservative threshold for short-term liquidity adequacy. This indicates the company may have limited ability to meet short-term obligations without relying on asset liquidation or additional financing."" }, { ""risk"": ""High leverage"", ""evidence"": ""Debt-to-equity = 2.3413."", ""interpretation"": ""This ratio exceeds a conservative threshold commonly used for leveraged firms (e.g., 2.0). Elevated leverage increases financial risk and vulnerability to interest rate or cash-flow pressure."" }, { ""risk"": ""Weak profitability at the net and return levels"", ""evidence"": ""Net margin = -0.0807; ROA = -0.09497; ROE = -0.28719."", ""interpretation"": ""The company generated a net loss for the year and negative returns on assets and equity. Negative ROE of this magnitude indicates equity capital is not producing positive returns and suggests impairment of shareholder value."" }, { ""risk"": ""Suboptimal interest coverage"", ""evidence"": ""Interest coverage = 2.1729."", ""interpretation"": ""Interest coverage is positive but below conservative comfort thresholds (commonly 3.0 or higher). This limits the margin of safety available to absorb earnings volatility while servicing debt."" } ], ""recommendations"": [ ""Address short-term liquidity: prioritize cash-preservation measures, accelerate receivables where feasible, and review short-term payables terms. Consider contingency financing arrangements to ensure coverage of near-term obligations."", ""Reduce leverage over time: evaluate options to deleverage, including targeted debt repayments, negotiating covenant relief or refinancing to longer maturities, and assessing non-core asset sales if consistent with strategic objectives."", ""Restore profitability: perform a focused review of operating expenses and cost structure despite a healthy gross margin, with the aim of converting operating profit into net profit. Investigate tax, non-operating items, or one-time charges that contributed to the net loss."", ""Improve interest coverage resilience: until interest coverage exceeds conservative targets, maintain cautious capital allocation and limit additional fixed-charge commitments."", ""Enhance financial monitoring and reporting: implement rolling cash-flow forecasts, scenario analysis for downside stress, and regular covenant compliance reporting to management and lenders."" ], ""confidence_notes"": ""The analysis is strictly based on the supplied ratio values for 2020. No other financial statement details, trends over time, or forward-looking information were provided. Interpretations reference commonly used conservative threshold levels (e.g., current ratio of 1.0, debt-to-equity of 2.0, interest coverage of 3.0) for risk assessment; these thresholds are illustrative and may not represent industry-specific or company-specific acceptable limits. Recommendations should be validated against full financial statements and management input before implementation."" }","{ ""summary"": ""This report presents a diagnostic assessment of Emerald Energy Inc for fiscal year 2020 using the supplied ratios. The company shows positive gross and operating margins but reports a net loss for the year. Liquidity is marginal, leverage is elevated, and profitability on both assets and equity is negative. Interest coverage is positive but below conservative comfort levels. The financial position warrants close monitoring and remedial action to address leverage and bottom-line performance."", ""key_risks"": [ { ""risk"": ""Liquidity shortfall"", ""evidence"": ""Current ratio = 0.9866; Quick ratio = 0.9866."", ""interpretation"": ""Both ratios are below 1.0, which is a typical conservative threshold for short-term liquidity adequacy. This indicates the company may have limited ability to meet short-term obligations without relying on asset liquidation or additional financing."" }, { ""risk"": ""High leverage"", ""evidence"": ""Debt-to-equity = 2.3413."", ""interpretation"": ""This ratio exceeds a conservative threshold commonly used for leveraged firms (e.g., 2.0). Elevated leverage increases financial risk and vulnerability to interest rate or cash-flow pressure."" }, { ""risk"": ""Weak profitability at the net and return levels"", ""evidence"": ""Net margin = -0.0807; ROA = -0.09497; ROE = -0.28719."", ""interpretation"": ""The company generated a net loss for the year and negative returns on assets and equity. Negative ROE of this magnitude indicates equity capital is not producing positive returns and suggests impairment of shareholder value."" }, { ""risk"": ""Suboptimal interest coverage"", ""evidence"": ""Interest coverage = 2.1729."", ""interpretation"": ""Interest coverage is positive but below conservative comfort thresholds (commonly 3.0 or higher). This limits the margin of safety available to absorb earnings volatility while servicing debt."" } ], ""recommendations"": [ ""Address short-term liquidity: prioritize cash-preservation measures, accelerate receivables where feasible, and review short-term payables terms. Consider contingency financing arrangements to ensure coverage of near-term obligations."", ""Reduce leverage over time: evaluate options to deleverage, including targeted debt repayments, negotiating covenant relief or refinancing to longer maturities, and assessing non-core asset sales if consistent with strategic objectives."", ""Restore profitability: perform a focused review of operating expenses and cost structure despite a healthy gross margin, with the aim of converting operating profit into net profit. Investigate tax, non-operating items, or one-time charges that contributed to the net loss."", ""Improve interest coverage resilience: until interest coverage exceeds conservative targets, maintain cautious capital allocation and limit additional fixed-charge commitments."", ""Enhance financial monitoring and reporting: implement rolling cash-flow forecasts, scenario analysis for downside stress, and regular covenant compliance reporting to management and lenders."" ], ""confidence_notes"": ""The analysis is strictly based on the supplied ratio values for 2020. No other financial statement details, trends over time, or forward-looking information were provided. Interpretations reference commonly used conservative threshold levels (e.g., current ratio of 1.0, debt-to-equity of 2.0, interest coverage of 3.0) for risk assessment; these thresholds are illustrative and may not represent industry-specific or company-specific acceptable limits. Recommendations should be validated against full financial statements and management input before implementation."" }","{ ""summary"": ""This report presents a diagnostic assessment of Emerald Energy Inc for fiscal year 2020 using the supplied ratios. The company shows positive gross and operating margins but reports a net loss for the year. Liquidity is marginal, leverage is elevated, and profitability on both assets and equity is negative. Interest coverage is positive but below conservative comfort levels. The financial position warrants close monitoring and remedial action to address leverage and bottom-line performance."", ""key_risks"": [ { ""risk"": ""Liquidity shortfall"", ""evidence"": ""Current ratio = 0.9866; Quick ratio = 0.9866."", ""interpretation"": ""Both ratios are below 1.0, which is a typical conservative threshold for short-term liquidity adequacy. This indicates the company may have limited ability to meet short-term obligations without relying on asset liquidation or additional financing."" }, { ""risk"": ""High leverage"", ""evidence"": ""Debt-to-equity = 2.3413."", ""interpretation"": ""This ratio exceeds a conservative threshold commonly used for leveraged firms (e.g., 2.0). Elevated leverage increases financial risk and vulnerability to interest rate or cash-flow pressure."" }, { ""risk"": ""Weak profitability at the net and return levels"", ""evidence"": ""Net margin = -0.0807; ROA = -0.09497; ROE = -0.28719."", ""interpretation"": ""The company generated a net loss for the year and negative returns on assets and equity. Negative ROE of this magnitude indicates equity capital is not producing positive returns and suggests impairment of shareholder value."" }, { ""risk"": ""Suboptimal interest coverage"", ""evidence"": ""Interest coverage = 2.1729."", ""interpretation"": ""Interest coverage is positive but below conservative comfort thresholds (commonly 3.0 or higher). This limits the margin of safety available to absorb earnings volatility while servicing debt."" } ], ""recommendations"": [ ""Address short-term liquidity: prioritize cash-preservation measures, accelerate receivables where feasible, and review short-term payables terms. Consider contingency financing arrangements to ensure coverage of near-term obligations."", ""Reduce leverage over time: evaluate options to deleverage, including targeted debt repayments, negotiating covenant relief or refinancing to longer maturities, and assessing non-core asset sales if consistent with strategic objectives."", ""Restore profitability: perform a focused review of operating expenses and cost structure despite a healthy gross margin, with the aim of converting operating profit into net profit. Investigate tax, non-operating items, or one-time charges that contributed to the net loss."", ""Improve interest coverage resilience: until interest coverage exceeds conservative targets, maintain cautious capital allocation and limit additional fixed-charge commitments."", ""Enhance financial monitoring and reporting: implement rolling cash-flow forecasts, scenario analysis for downside stress, and regular covenant compliance reporting to management and lenders."" ], ""confidence_notes"": ""The analysis is strictly based on the supplied ratio values for 2020. No other financial statement details, trends over time, or forward-looking information were provided. Interpretations reference commonly used conservative threshold levels (e.g., current ratio of 1.0, debt-to-equity of 2.0, interest coverage of 3.0) for risk assessment; these thresholds are illustrative and may not represent industry-specific or company-specific acceptable limits. Recommendations should be validated against full financial statements and management input before implementation."" }"
Emerald Energy Inc,2021,"{ ""summary"": ""For Emerald Energy Inc. (2021), the financial ratios indicate material liquidity stress, weak profitability, and elevated leverage. The company reports very low short-term liquidity, negative gross, operating, and net profitability, and negative returns on assets and equity. Leverage and interest coverage metrics suggest potential difficulty meeting debt obligations. These observations are based solely on the provided 2021 ratios; no additional data or trend analysis was performed."", ""key_risks"": [ ""Liquidity risk: current_ratio = 0.2688 and quick_ratio = 0.2688. These values are well below a conservative benchmark of 1.0, indicating insufficient short-term liquid resources to meet current liabilities."", ""Profitability risk: gross_margin = -0.1062, operating_margin = -0.7397, net_margin = -2.1112. Negative margins at all levels indicate the company is not generating positive profit from operations or sales."", ""Leverage risk: debt_equity = 1.2932. This exceeds a conservative leverage preference of 1.0 and indicates higher reliance on debt financing relative to equity."", ""Interest coverage risk: interest_coverage = -0.643. A negative value indicates operating income is insufficient to cover interest expense and suggests potential distress in servicing debt."", ""Return and value erosion: roa = -2.4282 and roe = -2.3442. Negative returns on assets and equity signal value destruction for both asset base and shareholders’ equity."" ], ""recommendations"": [ ""Immediate liquidity assessment: perform detailed cash-flow forecasting (short- and medium-term) and verify working capital components to determine runway and near-term funding needs."", ""Debt covenant and creditor engagement: review debt agreements for covenant compliance and maturity schedules. Initiate discussions with lenders if there is any risk of covenant breach or near-term maturities."", ""Cost and margin review: perform a line-item review of cost of goods sold and operating expenses to identify reversible cost drivers and opportunities for immediate cost reduction."", ""Capital structure review: evaluate options to reduce leverage, including renegotiation of debt terms, asset sales (after valuation and impairment considerations), or equity injections. Any recommendation should be supported by detailed valuations and board-approved plans."", ""Interest and refinancing analysis: assess alternatives for refinancing or restructuring interest-bearing liabilities; quantify the impact on liquidity and profitability under conservative scenarios."", ""Audit and data validation: confirm the accuracy of the underlying financial statement classifications and supporting schedules (revenue recognition, inventory costing, accruals, and related-party transactions). Obtain supporting documentation for large or unusual balances."", ""Stakeholder communication: prepare a clear, factual update for lenders, auditors, and the board that discloses liquidity and profitability challenges and outlines planned remedial actions and timelines."" ], ""confidence_notes"": ""Assessment is based exclusively on the provided 2021 ratio values. No trend analysis, comparative peer data, or detailed financial statements were supplied. Recommendations assume the ratios are accurate and appropriately derived. Further confidence requires review of the underlying financial statements, cash-flow statements, debt agreements, and supporting schedules. Any material misstatement or omitted information in the source data could materially change the conclusions."" }","{ ""summary"": ""For Emerald Energy Inc. (2021), the financial ratios indicate material liquidity stress, weak profitability, and elevated leverage. The company reports very low short-term liquidity, negative gross, operating, and net profitability, and negative returns on assets and equity. Leverage and interest coverage metrics suggest potential difficulty meeting debt obligations. These observations are based solely on the provided 2021 ratios; no additional data or trend analysis was performed."", ""key_risks"": [ ""Liquidity risk: current_ratio = 0.2688 and quick_ratio = 0.2688. These values are well below a conservative benchmark of 1.0, indicating insufficient short-term liquid resources to meet current liabilities."", ""Profitability risk: gross_margin = -0.1062, operating_margin = -0.7397, net_margin = -2.1112. Negative margins at all levels indicate the company is not generating positive profit from operations or sales."", ""Leverage risk: debt_equity = 1.2932. This exceeds a conservative leverage preference of 1.0 and indicates higher reliance on debt financing relative to equity."", ""Interest coverage risk: interest_coverage = -0.643. A negative value indicates operating income is insufficient to cover interest expense and suggests potential distress in servicing debt."", ""Return and value erosion: roa = -2.4282 and roe = -2.3442. Negative returns on assets and equity signal value destruction for both asset base and shareholders’ equity."" ], ""recommendations"": [ ""Immediate liquidity assessment: perform detailed cash-flow forecasting (short- and medium-term) and verify working capital components to determine runway and near-term funding needs."", ""Debt covenant and creditor engagement: review debt agreements for covenant compliance and maturity schedules. Initiate discussions with lenders if there is any risk of covenant breach or near-term maturities."", ""Cost and margin review: perform a line-item review of cost of goods sold and operating expenses to identify reversible cost drivers and opportunities for immediate cost reduction."", ""Capital structure review: evaluate options to reduce leverage, including renegotiation of debt terms, asset sales (after valuation and impairment considerations), or equity injections. Any recommendation should be supported by detailed valuations and board-approved plans."", ""Interest and refinancing analysis: assess alternatives for refinancing or restructuring interest-bearing liabilities; quantify the impact on liquidity and profitability under conservative scenarios."", ""Audit and data validation: confirm the accuracy of the underlying financial statement classifications and supporting schedules (revenue recognition, inventory costing, accruals, and related-party transactions). Obtain supporting documentation for large or unusual balances."", ""Stakeholder communication: prepare a clear, factual update for lenders, auditors, and the board that discloses liquidity and profitability challenges and outlines planned remedial actions and timelines."" ], ""confidence_notes"": ""Assessment is based exclusively on the provided 2021 ratio values. No trend analysis, comparative peer data, or detailed financial statements were supplied. Recommendations assume the ratios are accurate and appropriately derived. Further confidence requires review of the underlying financial statements, cash-flow statements, debt agreements, and supporting schedules. Any material misstatement or omitted information in the source data could materially change the conclusions."" }","{ ""summary"": ""For Emerald Energy Inc. (2021), the financial ratios indicate material liquidity stress, weak profitability, and elevated leverage. The company reports very low short-term liquidity, negative gross, operating, and net profitability, and negative returns on assets and equity. Leverage and interest coverage metrics suggest potential difficulty meeting debt obligations. These observations are based solely on the provided 2021 ratios; no additional data or trend analysis was performed."", ""key_risks"": [ ""Liquidity risk: current_ratio = 0.2688 and quick_ratio = 0.2688. These values are well below a conservative benchmark of 1.0, indicating insufficient short-term liquid resources to meet current liabilities."", ""Profitability risk: gross_margin = -0.1062, operating_margin = -0.7397, net_margin = -2.1112. Negative margins at all levels indicate the company is not generating positive profit from operations or sales."", ""Leverage risk: debt_equity = 1.2932. This exceeds a conservative leverage preference of 1.0 and indicates higher reliance on debt financing relative to equity."", ""Interest coverage risk: interest_coverage = -0.643. A negative value indicates operating income is insufficient to cover interest expense and suggests potential distress in servicing debt."", ""Return and value erosion: roa = -2.4282 and roe = -2.3442. Negative returns on assets and equity signal value destruction for both asset base and shareholders’ equity."" ], ""recommendations"": [ ""Immediate liquidity assessment: perform detailed cash-flow forecasting (short- and medium-term) and verify working capital components to determine runway and near-term funding needs."", ""Debt covenant and creditor engagement: review debt agreements for covenant compliance and maturity schedules. Initiate discussions with lenders if there is any risk of covenant breach or near-term maturities."", ""Cost and margin review: perform a line-item review of cost of goods sold and operating expenses to identify reversible cost drivers and opportunities for immediate cost reduction."", ""Capital structure review: evaluate options to reduce leverage, including renegotiation of debt terms, asset sales (after valuation and impairment considerations), or equity injections. Any recommendation should be supported by detailed valuations and board-approved plans."", ""Interest and refinancing analysis: assess alternatives for refinancing or restructuring interest-bearing liabilities; quantify the impact on liquidity and profitability under conservative scenarios."", ""Audit and data validation: confirm the accuracy of the underlying financial statement classifications and supporting schedules (revenue recognition, inventory costing, accruals, and related-party transactions). Obtain supporting documentation for large or unusual balances."", ""Stakeholder communication: prepare a clear, factual update for lenders, auditors, and the board that discloses liquidity and profitability challenges and outlines planned remedial actions and timelines."" ], ""confidence_notes"": ""Assessment is based exclusively on the provided 2021 ratio values. No trend analysis, comparative peer data, or detailed financial statements were supplied. Recommendations assume the ratios are accurate and appropriately derived. Further confidence requires review of the underlying financial statements, cash-flow statements, debt agreements, and supporting schedules. Any material misstatement or omitted information in the source data could materially change the conclusions."" }","{ ""summary"": ""For Emerald Energy Inc. (2021), the financial ratios indicate material liquidity stress, weak profitability, and elevated leverage. The company reports very low short-term liquidity, negative gross, operating, and net profitability, and negative returns on assets and equity. Leverage and interest coverage metrics suggest potential difficulty meeting debt obligations. These observations are based solely on the provided 2021 ratios; no additional data or trend analysis was performed."", ""key_risks"": [ ""Liquidity risk: current_ratio = 0.2688 and quick_ratio = 0.2688. These values are well below a conservative benchmark of 1.0, indicating insufficient short-term liquid resources to meet current liabilities."", ""Profitability risk: gross_margin = -0.1062, operating_margin = -0.7397, net_margin = -2.1112. Negative margins at all levels indicate the company is not generating positive profit from operations or sales."", ""Leverage risk: debt_equity = 1.2932. This exceeds a conservative leverage preference of 1.0 and indicates higher reliance on debt financing relative to equity."", ""Interest coverage risk: interest_coverage = -0.643. A negative value indicates operating income is insufficient to cover interest expense and suggests potential distress in servicing debt."", ""Return and value erosion: roa = -2.4282 and roe = -2.3442. Negative returns on assets and equity signal value destruction for both asset base and shareholders’ equity."" ], ""recommendations"": [ ""Immediate liquidity assessment: perform detailed cash-flow forecasting (short- and medium-term) and verify working capital components to determine runway and near-term funding needs."", ""Debt covenant and creditor engagement: review debt agreements for covenant compliance and maturity schedules. Initiate discussions with lenders if there is any risk of covenant breach or near-term maturities."", ""Cost and margin review: perform a line-item review of cost of goods sold and operating expenses to identify reversible cost drivers and opportunities for immediate cost reduction."", ""Capital structure review: evaluate options to reduce leverage, including renegotiation of debt terms, asset sales (after valuation and impairment considerations), or equity injections. Any recommendation should be supported by detailed valuations and board-approved plans."", ""Interest and refinancing analysis: assess alternatives for refinancing or restructuring interest-bearing liabilities; quantify the impact on liquidity and profitability under conservative scenarios."", ""Audit and data validation: confirm the accuracy of the underlying financial statement classifications and supporting schedules (revenue recognition, inventory costing, accruals, and related-party transactions). Obtain supporting documentation for large or unusual balances."", ""Stakeholder communication: prepare a clear, factual update for lenders, auditors, and the board that discloses liquidity and profitability challenges and outlines planned remedial actions and timelines."" ], ""confidence_notes"": ""Assessment is based exclusively on the provided 2021 ratio values. No trend analysis, comparative peer data, or detailed financial statements were supplied. Recommendations assume the ratios are accurate and appropriately derived. Further confidence requires review of the underlying financial statements, cash-flow statements, debt agreements, and supporting schedules. Any material misstatement or omitted information in the source data could materially change the conclusions."" }"
Emerald Energy Inc,2022,"summary Emerald Energy Inc — 2022: The company presents strong liquidity and high gross and operating margins, but reported a negative net margin and negative returns (ROA, ROE) for 2022. Leverage is elevated and interest coverage is marginal. The mixed profile indicates operational profitability that did not translate into positive net income, and a capital structure and financing cost profile that warrant close attention.","summary Emerald Energy Inc — 2022: The company presents strong liquidity and high gross and operating margins, but reported a negative net margin and negative returns (ROA, ROE) for 2022. Leverage is elevated and interest coverage is marginal. The mixed profile indicates operational profitability that did not translate into positive net income, and a capital structure and financing cost profile that warrant close attention.","summary Emerald Energy Inc — 2022: The company presents strong liquidity and high gross and operating margins, but reported a negative net margin and negative returns (ROA, ROE) for 2022. Leverage is elevated and interest coverage is marginal. The mixed profile indicates operational profitability that did not translate into positive net income, and a capital structure and financing cost profile that warrant close attention.","summary Emerald Energy Inc — 2022: The company presents strong liquidity and high gross and operating margins, but reported a negative net margin and negative returns (ROA, ROE) for 2022. Leverage is elevated and interest coverage is marginal. The mixed profile indicates operational profitability that did not translate into positive net income, and a capital structure and financing cost profile that warrant close attention."
Emerald Energy Inc,2023,"summary - Emerald Energy Inc — 2023 diagnostic: Liquidity is constrained, leverage is elevated, and profitability measures are negative on a return basis despite strong gross and operating margins. Overall composite_score reported as 0 and risk_band as low per the supplied composite; however, several key metric breaches warrant attention.","summary - Emerald Energy Inc — 2023 diagnostic: Liquidity is constrained, leverage is elevated, and profitability measures are negative on a return basis despite strong gross and operating margins. Overall composite_score reported as 0 and risk_band as low per the supplied composite; however, several key metric breaches warrant attention.","summary - Emerald Energy Inc — 2023 diagnostic: Liquidity is constrained, leverage is elevated, and profitability measures are negative on a return basis despite strong gross and operating margins. Overall composite_score reported as 0 and risk_band as low per the supplied composite; however, several key metric breaches warrant attention.","summary - Emerald Energy Inc — 2023 diagnostic: Liquidity is constrained, leverage is elevated, and profitability measures are negative on a return basis despite strong gross and operating margins. Overall composite_score reported as 0 and risk_band as low per the supplied composite; however, several key metric breaches warrant attention."
