Profile,Company,Year,Interpretation
full_diagnostic,Kenya Airways,2021,"- summary
  - This diagnostic assesses Kenya Airways (2021) using the provided financial ratios. Key liquidity metrics are materially below conservative thresholds. Profitability and coverage measures show operating and net losses and inadequate ability to service interest. Leverage indicators imply negative shareholders’ equity; this materially affects interpretability of return-on-equity. The firm’s asset utilisation is modest. Overall, the ratios reflect material liquidity, solvency and profitability risks for 2021.

- key_risks
  - Liquidity shortfall: current_ratio = 0.317 (conservative threshold: >=1.0). quick_ratio = 0.291 (conservative threshold: >=1.0). Both ratios exceed conservative risk thresholds, indicating potential near-term liquidity stress and limited ability to meet short-term obligations without additional funding or asset sales.
  - Operating and net losses: operating_margin = -0.0969 (threshold: >=0). net_margin = -0.2284 (threshold: >=0). Both are negative, indicating operations and the overall result were loss-making in 2021.
  - Interest coverage and default risk: interest_coverage = -0.7247 (conservative threshold: >=1.0). This ratio exceeds the risk threshold (is worse than acceptable), indicating operating income is insufficient to cover interest expense and signalling elevated default/credit risk absent external support or restructuring.
  - Leverage and equity impairment: debt_equity = -2.8666. A negative debt-to-equity ratio indicates negative shareholders’ equity. This exceeds conservative risk thresholds and signals capital deficiency and impaired solvency; it also undermines the normal interpretation of leverage metrics.
  - Return measures affected by capital structure: roa = -0.1031 (threshold: >=0). roe = 0.1925. The positive ROE in the presence of a negative debt_equity ratio suggests ROE may be distorted by negative equity; ROA is negative, confirming asset-level returns are loss-making.
  - Coverage of conservative limits: gross_margin = 0.4139 (conservative threshold: generally >0.30 considered acceptable). This metric does not exceed conservative risk thresholds, but it does not offset the other risks noted.

- recommendations
  - Short-term liquidity actions: pursue committed short-term financing or liquidity support (e.g., bridging facilities, government support, or creditor forbearance) to meet immediate obligations while avoiding fire-sale of productive assets.
  - Capital and solvency remediation: evaluate options to restore positive equity, including but not limited to capital injections, debt-to-equity conversions, or negotiated restructurings with major creditors. Require scenario modelling to quantify required capital under conservative stress cases.
  - Cost and operating controls: implement rigorous cost-reduction and revenue-enhancement plans targeted at returning operating_margin to breakeven; focus on route network rationalisation, fleet utilisation, and fuel/maintenance cost controls where contractually and operationally feasible.
  - Interest burden management: renegotiate interest terms, seek temporary interest holidays, or refinance high-cost debt where possible to improve interest_coverage. Prioritise solutions that avoid increasing long-term cash interest without addressing underlying cash-flow deficits.
  - Financial reporting and covenant monitoring: given negative equity implications, strengthen covenant monitoring and maintain proactive communication with lenders and stakeholders. Ensure forecasts and stress tests are produced and reviewed by senior management and auditors.
  - Independent review: obtain an independent financial and operational review (including going-concern assessment) to validate assumptions and to support stakeholder negotiations.

- confidence_notes
  - Analysis is based solely on the provided ratio values for Kenya Airways (2021). No additional financial statement detail, notes, or management disclosures were available for review.
  - Conclusions are restricted to the ratios given and conservative threshold comparisons stated above. The presence of negative debt_equity indicates negative shareholders’ equity, which materially affects interpretation of leverage and ROE; this observation follows from the provided ratios.
  - Recommendations are typical remedial actions tied to the identified risks; implementation feasibility should be validated against full financial statements, contractual terms, and stakeholder positions."
full_diagnostic,Kenya Airways,2022,"{
  ""summary"": ""Based on the supplied 2022 ratio set for Kenya Airways, the company exhibits materially weak liquidity, negative operating and net profitability, and indications of atypical balance-sheet composition related to leverage/equity. Several ratios fall well outside conservative thresholds for a going-concern commercial airline. These results warrant immediate management attention and further corroboration with the underlying financial statements and disclosures."",
  ""key_risks"": [
    ""Liquidity risk: current_ratio = 0.3553 and quick_ratio = 0.3359. Both are substantially below a conservative threshold of 1.0, indicating limited near-term liquid resources relative to current obligations."",
    ""Profitability risk: operating_margin = -0.0481 (negative) and net_margin = -0.3293 (negative 32.93%). These figures indicate operating losses and a large net loss margin, which heighten cash-burn and solvency risk if sustained."",
    ""Leverage / balance-sheet risk: debt_equity = -2.5627. The negative sign and magnitude are indicative of an unusual equity position (for example, negative shareholders' equity) or presentation effects; this raises concerns about capital adequacy and creditor recovery."",
    ""Interest servicing risk: interest_coverage = -0.1707 (negative). The ratio is materially below a conservative threshold of 1.0, indicating reported operating results do not cover interest expense on reported basis."",
    ""Return metrics inconsistency: roa = -0.2277 (negative) vs roe = 0.3558 (positive). This inconsistency is atypical and may reflect the impact of negative or very small equity in the denominator of ROE; it requires verification of the equity balance and related accounting treatments."",
    ""Operational efficiency constraints: asset_turnover = 0.6914 and gross_margin = 0.3170. While gross margin is positive (31.70%), asset turnover is modest; combined with negative operating margin, this suggests capacity to generate revenue from assets is insufficient to cover operating and financing costs.""
  ],
  ""recommendations"": [
    ""Urgent liquidity assessment: prepare a short-term cash-flow forecast (at least 13 weeks) and identify immediate liquidity sources (working capital facilities, lessors, government support, or other committed funding)."",
    ""Debt and covenant review: inventory all debt agreements and covenants, engage lenders early, and seek covenant waivers or restructuring where necessary. Assess the feasibility of liability maturities rescheduling."",
    ""Cost and operations review: implement and document cost reduction and cash-preservation measures focused on controllable operating costs. Provide scenario analyses to quantify potential savings and timing."",
    ""Capital structure verification: reconcile and disclose the cause of negative debt_equity and the ROA/ROE divergence. If shareholders' equity is negative, present management's plan to restore capital and the timing of remediation."",
    ""Interest burden remediation: evaluate refinancing, interest-rate negotiations, or asset sales/lease restructurings to reduce reported interest cost and improve interest coverage."",
    ""Audit and disclosure actions: ensure full disclosure of going-concern considerations, significant uncertainties, and management’s mitigation plans in notes to the financial statements. Obtain auditor concurrence on presentation and any emphasis-of-matter paragraphs."",
    ""Further analysis requested: supplement ratio analysis with absolute financial statement amounts (balance sheet, income statement, cash-flow statement), off-balance-sheet arrangements, and key accounting policy notes to allow comprehensive assessment.""
  ],
  ""confidence_notes"": ""The analysis is based solely on the provided ratio values for 2022. No additional financial statement line items, cash-flow details, footnote disclosures, or comparative periods were supplied. Conclusions are accordingly constrained by that scope. Ratios involving equity can be particularly sensitive to presentation (e.g., negative equity, reclassifications); direct examination of the underlying statements and notes is required to confirm causes and materiality.""
}"
full_diagnostic,Kenya Airways,2023,"summary
Kenya Airways' 2023 financial ratios indicate material liquidity stress, weak profitability at the net level, and balance-sheet impairment consistent with negative equity. Key observations: current and quick ratios are substantially below conservative liquidity benchmarks, net margin and return on assets are negative, and interest coverage is well below a level that would support comfortable debt servicing. Reported debt-to-equity is negative, which is consistent with reported negative shareholders’ equity and raises solvency concerns. Gross and operating margins are positive but appear insufficient to offset financing and non-operating costs given the negative net result.

key_risks
- Liquidity risk: Current ratio 0.419 and quick ratio 0.396 — both materially below a conservative threshold of 1.0 — indicate an inability to meet short-term obligations from current assets without asset sales or additional financing. (Explicit breach of conservative liquidity threshold.)
- Solvency / equity impairment: Debt-to-equity ratio of -2.302 indicates negative shareholders’ equity. This condition materially increases creditor risk and may constrain access to capital markets and lender appetite. (Explicit breach of conservative solvency threshold.)
- Debt-servicing risk: Interest coverage at 0.307 is well below a conservative threshold of 1.5–2.0, indicating operating earnings are insufficient to cover interest expense comfortably and increasing default risk under adverse conditions. (Explicit breach of conservative debt-servicing threshold.)
- Profitability shortfall: Net margin is -12.93% and ROA is -13.07%, indicating the company is destroying value on an asset base; operating margin of 5.78% and gross margin of 33.88% are positive but do not translate into net profitability after financing and other charges.
- Inconsistent returns profile: ROE of 16.72% appears positive despite negative net income and negative equity; this likely reflects distortions from negative equity and should be treated as unreliable for assessing economic profitability.
- Operational leverage: Asset turnover of 1.011 implies moderate use of assets to generate revenue, but given negative ROA and net margin, asset productivity is insufficient to offset costs and financing charges.

recommendations
- Immediate liquidity measures: Prioritize raising short-term liquidity (e.g., bridge financing, committed credit lines, accelerated receivable collections, suspension/postponement of non-critical capex) to address the current ratio and quick ratio shortfalls.
- Capital structure remediation: Engage with existing lenders and potential equity sponsors to address negative equity—options include capital injection, debt-to-equity conversions, or negotiated covenant waivers to stabilize solvency metrics.
- Debt-servicing strategy: Seek to restructure interest-bearing liabilities where possible (extend maturities, reduce coupon, negotiate temporary forbearance) to improve interest coverage and reduce near-term default risk.
- Cost and yield focus: Strengthen initiatives to convert positive gross and operating margins into improved net performance—targeted cost control, route/network optimization, and ancillary revenue enhancement should be evaluated with quantified impact estimates.
- Disclosure and covenant review: Conduct an urgent review of loan covenants and regulatory capital requirements; ensure transparent, timely disclosure to stakeholders and prepare contingency plans in case of covenant breaches.
- Financial monitoring: Implement enhanced short-term cashflow forecasting (daily/weekly) and scenario analysis to monitor liquidity under stress cases and support decision-making.
- Independent validation: Commission independent audit or forensic review of the balance sheet and equity accounts if not recently performed, given the negative equity position and possible metric distortions.

confidence_notes
- Analysis is based solely on the provided 2023 ratio set and does not incorporate underlying financial statements, notes, cash flow statements, management forecasts, covenant documentation, or market/industry data.
- Certain metrics (notably ROE) may be distorted by negative shareholders’ equity; these should not be used in isolation to infer economic performance.
- Recommendations are conservative and high-level; specific remedial actions should follow detailed review of complete financial statements and legal/contractual obligations."
full_diagnostic,Kenya Airways,2024,"summary
Kenya Airways — 2024: The company presents weak short-term liquidity, marginal profitability, negative equity as reported, and modest operating profitability. Key reported metrics: current ratio 0.35, quick ratio 0.32, gross margin 32.3%, operating margin 8.8%, net margin 2.85%, debt-to-equity -2.51, interest coverage 1.49, asset turnover 1.05, ROA 2.99%, ROE -4.54%. The composite_score is 0.25 (risk_band: low). The data indicate constrained liquidity and capital-structure weaknesses that warrant heightened monitoring.

key_risks
- Liquidity risk: Current ratio (0.348) and quick ratio (0.323) are materially below commonly accepted conservative thresholds (1.0). This indicates limited short-term liquid resources relative to current liabilities and elevated risk of near-term cash strain.
- Capital-structure / solvency risk: Debt-to-equity is negative (-2.51), indicating reported negative shareholders’ equity. Negative equity increases counterparty and covenant risk and reduces loss-absorbing capacity.
- Interest-cover risk: Interest coverage is low (1.49), below conservative comfort thresholds (commonly 3.0), indicating limited buffer to service interest from operating earnings.
- Profitability / return risk: ROE is negative (-4.54%), reflecting losses to equity holders or equity-denominated impairment; net margin is low (2.85%), limiting internal cash generation.
- Operational sensitivity: Asset turnover is moderate (1.05) but combined with low margins yields limited operating cash flow generation against liabilities.

recommendations
- Short-term liquidity actions: Evaluate near-term cash flow forecasts, accelerate receivable collections where possible, and review working-capital financing options (e.g., committed credit lines, supplier renegotiation). Ensure covenant compliance with lenders.
- Capital structure review: Conduct a detailed review of shareholders’ equity composition and consider options to restore positive equity (capital injection, retained earnings recovery, or negotiated restructuring). Engage creditors early if covenant pressure is anticipated.
- Interest burden mitigation: Assess feasibility of refinancing high-cost debt, extending maturities, or converting debt to equity where practicable to improve interest coverage and reduce rollover risk.
- Profitability initiatives: Identify immediate margin preservation measures (cost control, yield management, fuel hedging review) while preserving core operations. Develop a quantified medium-term profitability plan tied to measurable milestones.
- Reporting and governance: Increase frequency of liquidity and covenant reporting to governance bodies and lenders; consider independent review of forecasts and stress-testing under adverse scenarios.

confidence_notes
- Analysis is based solely on the supplied ratios for Kenya Airways (2024). No additional financial statements or footnote details were provided.
- Conclusions are limited to the metrics presented; specific causes (e.g., one-off items, accounting adjustments, non-recurring events) cannot be determined from ratios alone.
- Recommendations are prudent actions consistent with the reported metrics and should be validated with full financial statements, cash-flow projections, and creditor agreements."
solvency_focus,Kenya Airways,2021,"summary:
Kenya Airways' 2021 financial ratios indicate material short-term liquidity pressure and impaired profitability, with several solvency-related metrics outside conservative comfort ranges. The current ratio (0.317) and quick ratio (0.291) are well below commonly applied minimums for short-term liquidity. Profitability measures are weak: operating margin is negative (-9.69%) and net margin is negative (-22.84%), while return on assets is negative (-10.31%). Leverage and coverage indicators show elevated risk: debt-to-equity is negative (-2.867) and interest coverage is negative (-0.725), consistent with either negative equity, significant losses, or both. Asset turnover (0.451) and gross margin (41.39%) are positive but do not offset the liquidity, profitability, and coverage concerns. Overall, the profile suggests solvency risk that warrants caution and further investigation.

key_risks:
- Short-term liquidity risk: current_ratio = 0.3172358426480578 and quick_ratio = 0.2906564564935466 — both metrics exceed conservative thresholds for concern (i.e., are materially below commonly used minimums), indicating potential difficulty meeting near-term obligations.
- Operating and net losses: operating_margin = -0.09687985075689609 and net_margin = -0.22842169721308442 — ongoing negative margins increase reliance on external financing and deplete equity.
- Leverage and capital structure risk: debt_equity = -2.866577870573695 — negative value indicates atypical capital structure (e.g., negative shareholders’ equity) and raises solvency questions.
- Interest coverage shortfall: interest_coverage = -0.7247256844572281 — negative coverage indicates operating results do not cover interest expense, increasing default risk on debt.
- Asset efficiency insufficient to offset losses: asset_turnover = 0.45142232650830894 and roa = -0.10311465398090708 — asset utilization is positive but not adequate to generate positive returns on assets given current margins.

recommendations:
- Immediate cash and liquidity assessment: perform a cash-flow-focused review (rolling 12-week cash forecast and covenant status) to confirm runway and identify immediate liquidity gaps.
- Capital structure review: verify the causes of negative debt-to-equity (confirm negative equity or accounting presentation) and evaluate options to restore a sustainable equity base (equity injection, debt restructuring, covenant renegotiation).
- Interest and debt servicing plan: engage lenders to assess forbearance, covenant waivers, or refinancing alternatives given negative interest coverage; prioritize reduction of high-cost short-term liabilities.
- Operational profitability measures: conduct a targeted review of revenue recovery and cost-reduction levers that can materially improve operating margin in the near-to-medium term, with scenario stress-testing of liquidity under adverse recovery paths.
- Enhanced monitoring and reporting: implement weekly liquidity reporting and monthly covenant and interest-coverage monitoring for senior management and lenders until solvency indicators normalize.

confidence_notes:
- Analysis is limited to the supplied 2021 ratio values; no additional financial statement line-item detail, trends over multiple periods, or notes information was available for corroboration.
- Interpretations are constrained to the metrics provided; where ratios imply accounting conditions (for example, negative debt-to-equity), the underlying balance-sheet causes were not reviewed and should be confirmed from audited financial statements.
- Recommendations are precautionary and should be refined after review of full financial statements, cash-flow schedules, and debt agreements."
solvency_focus,Kenya Airways,2022,"summary
- Financial snapshot (2022): Kenya Airways exhibits materially weak short-term liquidity and solvency metrics. Key liquidity ratios are well below conservative thresholds: current ratio 0.355 and quick ratio 0.336 (both << 1.0). Profitability measures show a positive gross margin (31.70%) but negative operating margin (-4.81%) and a material negative net margin (-32.93%). Leverage and coverage indicators are adverse: debt-to-equity is -2.563 (negative, reflecting a capital structure concern), and interest coverage is -0.171 (negative). Return on assets is negative (-22.77%); reported return on equity is positive (35.58%), which is likely attributable to the negative equity base rather than operating profitability. Asset turnover is 0.691.

key_risks
- Severe liquidity risk: current ratio (0.355) and quick ratio (0.336) are materially below the conservative threshold of 1.0, indicating limited short-term liquid resources relative to current obligations.
- Insolvency / equity impairment risk: debt-to-equity of -2.563 indicates negative equity (or an atypical capital structure). This exceeds conservative tolerance for positive equity and implies elevated solvency risk.
- Interest payment vulnerability: interest coverage of -0.171 is substantially below a conservative threshold of 1.0 and signals inability to generate operating income sufficient to cover interest expense.
- Operating profitability shortfall: negative operating margin (-4.81%) and negative net margin (-32.93%) indicate operations and overall results are not producing positive earnings; this exacerbates liquidity and solvency pressure.
- Distorted ROE signal: reported ROE of 35.58% exceeds typical positive-return thresholds but should be treated as misleading given the negative equity and the negative net margin; this metric does not mitigate solvency concerns.

recommendations
- Immediate liquidity actions: prioritize preservation and improvement of near-term liquidity (e.g., cash preservation measures, strict working-capital management, defer non-essential expenditures). Consider identifying committed credit lines or liquidity support; document terms and availability.
- Capital structure remediation: evaluate options to restore positive equity, including equity injection or debt restructuring. Any plan should be documented, independently validated, and stress-tested for viability under conservative scenarios.
- Debt service and covenant review: review all debt covenants and payment schedules. Engage with creditors to renegotiate terms where necessary to avoid covenant breaches or near-term defaults.
- Operational focus: conduct a rigorous, documented review of operating margins and cost structure to identify verifiable opportunities to reduce cash burn. Any cost measures should be quantified and their expected cash and profit impact documented.
- Financial reporting and monitoring: increase frequency of solvency and liquidity monitoring and disclosure to governance (board/committee) with clear triggers for escalation. Ensure transparent documentation of assumptions underlying any remediation plans.
- Independent verification: obtain third-party or audit-level verification for proposed capital injections, restructurings, or creditor agreements before relying on them to demonstrate solvency improvements.

confidence_notes
- Observations are based solely on the provided 2022 ratio values. No additional financial statement line items, cash-flow details, or notes were supplied.
- Interpretation is conservative and limited to the supplied ratios; causal explanations, forward-looking forecasts, or unspecified metrics were not inferred or created.
- Where a ratio (e.g., ROE) appears inconsistent with other indicators, that inconsistency is noted rather than resolved due to lack of underlying balance-sheet details. Further analysis of the underlying financial statements is required for definitive conclusions."
solvency_focus,Kenya Airways,2023,"summary
Kenya Airways — 2023 solvency-focused assessment. Liquidity is weak: current ratio 0.419 and quick ratio 0.396, both well below standard conservative thresholds (1.0). Solvency indicators show material stress: interest coverage is 0.307 (insufficient to cover interest from operating profit under conservative standards) and reported debt-to-equity is -2.302 (indicating negative equity or a balance-sheet presentation that should be verified). Profitability shows a negative net margin (-12.93%) and negative return on assets (ROA -13.07%), while operating margin is modestly positive (5.78%) and gross margin is 33.88%. Asset turnover is about 1.01. Taken together, the metrics indicate constrained short-term liquidity and significant solvency risk as of 2023.

key_risks
- Liquidity shortfall: current ratio 0.419 and quick ratio 0.396 — both materially below the conservative threshold of 1.0, indicating potential difficulty meeting near-term obligations.
- Insufficient interest coverage: interest coverage 0.307 — below a conservative minimum threshold of 3.0 (and below 1.0), indicating operating earnings are not sufficient to cover interest expense.
- Capital structure / negative equity signal: debt-to-equity reported as -2.302 — this exceeds conservative concern thresholds and is consistent with negative shareholders’ equity or a presentation issue that materially affects solvency assessment. This warrants immediate verification.
- Loss-making on the bottom line: net margin -12.93% and ROA -13.07% — sustained losses reduce equity and further impair solvency over time.
- Operational dependency to cover obligations: while asset turnover (~1.01) and gross margin (~33.9%) indicate productive asset use and reasonable gross profitability, these have not translated into positive net profitability sufficient to offset finance and other costs.

recommendations
- Immediate verification of balance-sheet presentation: confirm calculation and presentation that produce debt-to-equity = -2.302, including details of negative equity, revaluations, or off-balance items. Provide reconciliations and auditor-confirmed schedules.
- Cash and working-capital measures: prepare a short-term cash flow forecast (90–180 days) and a working-capital action plan to address the liquidity shortfall; consider priority payment sequencing and negotiation of payment terms with creditors and suppliers.
- Debt service remediation: engage lenders to assess covenant status and negotiate forbearance, refinancing, or covenant amendments where necessary given interest coverage well below conservative thresholds.
- Profitability and cost review: perform a focused review of non-operating costs (interest, exceptional items) that drive the negative net margin, and evaluate options to reduce finance costs (refinancing, asset sales) without compromising core operations.
- Governance and disclosure: enhance disclosure on solvency-related items in the financial statements and management commentary, and consider an independent review or special audit procedure on solvency and going-concern assumptions.
- Monitor and report: institute monthly solvency dashboards (cash runway, current ratio, interest coverage, operating cash flow) for management and creditors until metrics return to conservative ranges.

confidence_notes
- Analysis is based solely on the supplied 2023 ratio data. No additional underlying financial statements or notes were available for cross-verification.
- The reported debt-to-equity of -2.302 and the divergence between ROA (negative) and ROE (positive) are material items that should be verified with source financial statements and auditor schedules. The assessment flags these for confirmation rather than explaining causes.
- Recommendations are conservative and focused on solvency; implementation should be informed by verified financial statements and creditor/lender positions."
solvency_focus,Kenya Airways,2024,"summary
Kenya Airways’ 2024 financial ratios indicate pronounced liquidity and solvency pressures with limited profitability. The company shows very low short-term liquidity (current ratio 0.35; quick ratio 0.32), modest operating profitability (operating margin 8.82%) but minimal net profitability (net margin 2.85%), negative equity as reflected in a negative debt-to-equity ratio (-2.51), and constrained capacity to cover interest (interest coverage 1.49). Return on assets is positive but small (2.99%); return on equity is negative (-4.54%). Overall, the ratios point to elevated short-term liquidity risk and capital-structure stress.

key_risks
- Liquidity risk: current ratio 0.348 and quick ratio 0.323. These are materially below a conservative benchmark of 1.0, indicating potential difficulty meeting short-term obligations from current assets.
- Interest coverage risk: interest coverage 1.49, below a conservative benchmark of 3.0, indicating limited buffer to absorb interest expense and vulnerability to earnings volatility or interest rate increases.
- Capital structure / solvency risk: debt-to-equity -2.51. Negative equity (implied by a negative debt/equity) is a structural solvency concern and limits traditional equity cushions against creditor claims.
- Profitability constraints: net margin 2.85% and ROE negative (-4.54%). Low net profitability reduces internal cash generation used to repair liquidity and capital positions.
- Leverage implications: while asset turnover (1.05) and gross margin (32.32%) show some operating efficiency, the combination of negative equity and limited interest coverage increases risk of covenant breaches, refinancing stress, or the need for external capital.

Explicitly highlighted metrics exceeding conservative thresholds:
- Current ratio (0.348) — below conservative threshold 1.0.
- Quick ratio (0.323) — below conservative threshold 1.0.
- Interest coverage (1.489) — below conservative threshold 3.0.
- Debt-to-equity (-2.515) — indicates negative equity; exceeds conservative solvency concern threshold (negative or materially below 0).
- ROE (-4.535%) — below conservative expectation of a positive return on equity.

recommendations
- Short-term liquidity action: develop and implement a prioritized cash-preservation plan (tighten working capital, defer non-essential expenditures, renegotiate payables) and maintain frequent cash-flow forecasting (rolling 13-week at minimum).
- Liability management: review and, where possible, renegotiate near-term debt maturities and interest terms to reduce rollover risk; consider covenant waivers or forbearance proactively if breaches are likely.
- Capital structure remediation: evaluate options to restore positive equity (equity injections, convertible instruments, or recapitalization) with creditor coordination to reduce solvency risk.
- Interest burden mitigation: where feasible, refinance high-cost debt or convert debt to longer-term or equity-linked instruments to improve interest coverage metrics.
- Profitability focus: pursue measures to protect margins and cash conversion (route/network optimization, ancillary revenue initiatives, fuel-hedging strategy alignment, and cost base rationalization) while monitoring impacts on revenue.
- Monitoring and governance: institute enhanced financial monitoring and early-warning indicators (liquidity triggers, covenant trackers), and ensure board-level oversight of remediation steps and lender communications.

confidence_notes
- Assessment is based solely on the provided 2024 ratio values. No additional financial statements, notes, cash-flow data, maturity schedules, or covenant details were available for review.
- Conclusions are descriptive and diagnostic; recommended actions are consistent with the identified ratio-based risks. Actual remedial measures should be informed by full audited financial statements, cash-flow projections, debt maturity profiles, and discussions with lenders and management."
liquidity_focus,Kenya Airways,2021,"summary
- Kenya Airways' 2021 liquidity and profitability indicators show material shortfalls against conservative benchmarks. The current ratio (0.32) and quick ratio (0.29) are well below the conservative threshold of 1.0, indicating limited short-term liquidity. Interest coverage is negative (-0.72), reflecting inability to cover interest from operating earnings. Operating margin (-9.69%) and net margin (-22.84%) are negative, and return on assets is negative (-10.31%), indicating operating losses and poor asset returns in 2021. Debt-to-equity is negative (-2.87), consistent with negative equity or accounting treatment that requires further review. Asset turnover (0.45) and gross margin (41.39%) are positive but do not offset liquidity and coverage concerns.

key_risks
- Short-term liquidity risk: Current ratio 0.317 and quick ratio 0.291 are below the conservative 1.0 threshold, indicating potential difficulty meeting short-term obligations.
- Interest payment/default risk: Interest coverage of -0.725 (below 1.0 and negative) signals operating income is insufficient to meet interest expense.
- Capital structure/equity risk: Negative debt-to-equity (-2.867) suggests negative shareholders’ equity or comparable balance-sheet structure; this raises solvency and covenant compliance concerns.
- Operating loss risk: Negative operating margin (-9.69%) and net margin (-22.84%) indicate recurring operating losses in 2021, which can further strain liquidity and capital.
- Asset utilization limit: Asset turnover of 0.451 implies modest revenue generation from assets; when combined with negative ROA (-10.31%), asset returns are insufficient.

recommendations
- Immediate cash and working capital review: Perform a detailed cash-flow forecast for the next 12 months and identify near-term funding requirements. Prioritize preserving cash, renegotiating supplier terms, and accelerating receivable collection where feasible.
- Engage creditors and lenders: Open discussions with key creditors to seek covenant waivers, payment deferrals, or refinancing options to reduce immediate liquidity pressure.
- Review capital structure and equity position: Conduct an accounting review to confirm causes of negative debt-to-equity and assess implications for solvency covenants and stakeholder disclosures.
- Cost and operations focus: Implement targeted cost-reduction measures and review route/network profitability to limit operating losses while avoiding actions that would impair core revenue generation.
- Strengthen interest coverage: Consider measures to reduce interest expense (refinancing, debt rescheduling) and/or actions to increase operating income to restore positive interest coverage.
- Enhanced monitoring and reporting: Establish weekly liquidity dashboards and monthly management reporting on covenant status, cash runway, and progress versus remedial actions.

confidence_notes
- Analysis is based solely on the supplied 2021 ratio values; no additional financial statement detail, notes, or subsequent-period information was available for review.
- Negative debt-to-equity and negative interest coverage merit verification against the company’s balance-sheet presentation and accounting policies; these ratios can be affected by items such as accumulated losses, revaluation reserves, or nonrecurring items.
- Recommendations are precautionary and intended for management and audit consideration; any remedial actions should follow full accounting, legal, and tax review."
liquidity_focus,Kenya Airways,2022,"summary:
Kenya Airways' 2022 liquidity position is weak. The current ratio (0.355) and quick ratio (0.336) are materially below standard conservative thresholds (1.0), indicating limited short-term liquidity relative to current liabilities. Interest coverage is negative (-0.171), signalling operating losses insufficient to cover interest expense. Net margin (-0.329) and return on assets (-0.228) are negative, consistent with cash-generation pressure. Debt-to-equity is negative (-2.563), which reflects a negative equity base rather than a conventional solvency ratio; this merits particular attention. Operating margin is slightly negative (-0.048). Asset turnover (0.691) and gross margin (0.317) are positive but do not offset the liquidity and profitability shortfalls.

key_risks:
- Severe short-term liquidity shortfall: current ratio (0.355) and quick ratio (0.336) both below 1.0, increasing risk of inability to meet near-term obligations.
- Earnings insufficiency to cover financing costs: interest coverage is negative (-0.171), raising default and covenant breach risk on debt.
- Negative equity indication: debt-to-equity is negative (-2.563), indicating shareholders' deficit and potential solvency concerns in stressed scenarios.
- Operating losses and negative net profitability: operating margin (-0.048) and net margin (-0.329) increase reliance on external financing or asset disposals to fund operations.
- Negative return on assets: ROA (-0.228) suggests the company is not generating positive returns from its asset base, compounding liquidity strain.

recommendations:
- Immediate liquidity preservation: prioritize cash conservation measures (strict working capital controls, defer non-essential capital expenditures, negotiate supplier payment terms) to reduce short-term cash outflows.
- Short-term financing contingency: secure committed short-term credit lines or bridge financing with clear covenant terms to cover near-term liabilities; assess cost versus dilution and covenant risks.
- Restructure debt/covenants where feasible: engage lenders to renegotiate maturities or covenants to reduce near-term cash interest and principal pressures.
- Cash-generative operational focus: review high-cash-cycle operations for acceleration of receivable collection and inventory optimization to improve cash conversion.
- Equity or capital injection assessment: evaluate options for recapitalization to address negative equity and restore solvency metrics; consider stakeholder impact and execution certainty.
- Enhanced monitoring and reporting: implement weekly cash-flow forecasts and key liquidity dashboards for management and lenders until ratios improve.

confidence_notes:
- Analysis is based solely on the provided 2022 ratio values. No underlying financial statements, cash-flow detail, seasonality effects, or subsequent events were available for review.
- The negative debt-to-equity ratio indicates negative equity; interpretation is limited without balance-sheet detail. Recommend obtaining full financial statements and notes for audit-grade assessments and covenant-specific analysis."
liquidity_focus,Kenya Airways,2023,"summary
Kenya Airways — 2023 liquidity-focused summary: The provided ratios indicate constrained short-term liquidity and earnings strain. Key liquidity measures are well below commonly used conservative benchmarks, interest coverage is materially weak, and profitability (net income and ROA) is negative. Some leverage indicators are atypical (negative debt-to-equity) and require careful balance-sheet review. Observations are limited to the supplied 2023 ratios; no temporal trends or underlying schedules were reviewed.

key_risks
- Current ratio: 0.42 (conservative benchmark: ≥1.0) — materially below the benchmark, indicating potential inability to meet near-term liabilities with current assets.
- Quick ratio: 0.40 (conservative benchmark: ≥1.0) — also materially below the benchmark, showing limited liquid asset buffer after excluding inventories.
- Interest coverage: 0.31 (conservative benchmark: ≥3.0 for strong coverage; <1.0 indicates inability to cover interest from operating earnings) — indicates operating income is insufficient to cover interest expense on a comfortable basis.
- Net margin: -12.93% — negative net profitability reduces internal cash-generation capacity to support liquidity.
- Return on assets (ROA): -13.07% — negative, consistent with impaired asset returns and reduced cash flows from operations.
- Debt-to-equity: -2.30 — negative value implies negative or unusual equity base; this is an atypical capital structure metric that signals potential solvency or reporting issues requiring balance-sheet review.
- Note: Although operating margin is positive (5.78%) and asset turnover is circa 1.01, these do not offset the above liquidity deficiencies given the negative net outcome and low interest coverage.

recommendations
- Immediate cash and working-capital assessment: prepare a short-term cash-flow forecast (weekly to monthly for 3–6 months) and a working-capital aging analysis to identify imminent cash shortfalls and priority payables.
- Preserve liquidity: defer non-essential capital expenditures and new investments until short-term liquidity stabilizes.
- Creditor and lender engagement: proactively discuss covenant waivers, maturity extensions, or temporary relief measures with banks and major suppliers to avoid default risk.
- Cost and revenue focus: target measures that convert to near-term cash (e.g., faster receivables collection, inventory reductions that do not impair operations, renegotiated supplier terms).
- Capital-structure review: undertake an audit-grade review of equity and liabilities to explain the negative debt-to-equity ratio and to evaluate equity restoration options (capital injection, restructuring) if required.
- Interest burden mitigation: assess refinancing or restructuring of high-cost debt where feasible to improve interest coverage; quantify impact before commitment.
- Governance and reporting: ensure management provides board and lenders with regular, audited updates on liquidity position and contingency plans.

confidence_notes
- Confidence pertains to the accuracy of inferences drawn from the supplied 2023 ratios only. No additional financial statements, notes, cash-flow schedules, or comparative-year data were provided.
- Recommendations are proportional to the liquidity-focused profile and the numeric values supplied; they do not rely on unprovided trends, segment data, or off-balance-sheet information.
- Further assurance and more specific action plans require access to audited financial statements (balance sheet, cash-flow statement, notes), debt schedules, covenant terms, and short-term cash projections."
liquidity_focus,Kenya Airways,2024,"summary
Kenya Airways (2024) exhibits materially constrained liquidity. The current ratio is 0.35 and the quick ratio is 0.32, indicating that short-term liabilities substantially exceed readily available short-term assets. Operating profitability is modest (operating margin 8.82%), net margin is low (2.85%), and interest coverage is limited (1.49). Return on assets is positive but small (2.99%); return on equity is negative (-4.54%), reflecting an equity base that may be impaired or negative. The composite risk score provided is 0.25, classified as ""low"" per the supplied scoring, but individual liquidity and capital-structure metrics indicate elevated short-term funding risk.

key_risks
- Insufficient short-term liquidity: current ratio (0.348) and quick ratio (0.323) fall well below a conservative benchmark of 1.0, indicating an inability to cover current liabilities with current or near-cash assets without relying on additional financing or asset conversion.
- Weak interest coverage: interest_coverage (1.49) is below commonly used conservative thresholds (e.g., 3.0), limiting the firm's margin for servicing debt if operating income declines.
- Capital structure and equity concerns: debt_equity (-2.515) is negative, which typically indicates negative shareholders' equity; this raises solvency and covenant-monitoring risks and may restrict access to conventional debt markets.
- Low net profitability and negative equity returns: net_margin (2.85%) is low, and roe (-4.54%) is negative, constraining internal cash generation and equity value preservation.
- Concentration of funding risk: given low liquidity ratios and limited interest coverage, the company is more reliant on refinancing, external support, or asset sales to meet near-term obligations.

recommendations
- Prioritise liquidity preservation: implement immediate measures to conserve cash (tighten working capital, defer non-critical capital expenditure, renegotiate payment terms with suppliers).
- Strengthen short-term funding: secure committed short-term credit lines or bridge financing with clear repayment terms to cover the gap implied by current liabilities exceeding current assets.
- Review and remediate capital structure: conduct a balance-sheet review to confirm the drivers of negative debt-to-equity; engage with shareholders and lenders to address equity shortfalls or restructure debt where feasible.
- Improve cash conversion: accelerate receivables collection, optimise inventory levels where applicable, and evaluate lease versus buy decisions to reduce cash outflows.
- Enhance covenant and stakeholder communication: proactively inform lenders, lessors, and key suppliers of the liquidity plan and timelines for remediation to reduce the risk of covenant breaches and supply disruptions.
- Monitor interest burden sensitivity: perform stress testing on interest coverage under downside scenarios and prepare contingency actions if operating income declines.

confidence_notes
- Analysis limited to the ratios and composite score provided for Kenya Airways (2024). No additional financial statement details, notes, or management disclosures were available for review.
- Recommendations are based on the numeric ratios supplied and standard conservative liquidity considerations. No forward-looking forecasts or external market data were used."
performance_focus,Kenya Airways,2021,"summary:
Kenya Airways' 2021 liquidity and profitability profile indicates material stress. Liquidity ratios are well below conventional conservative thresholds (current ratio 0.317, quick ratio 0.291), indicating limited near-term capacity to meet obligations from current assets. Profitability shows a positive gross margin (41.39%) but operating margin (-9.69%) and net margin (-22.84%) are negative, demonstrating that operating costs and non‑operating items drove the company to a loss. Leverage signals an equity deficit (debt-to-equity -2.867) and weak coverage of financing costs (interest coverage -0.725). Asset efficiency is modest (asset turnover 0.451), return on assets is negative (-10.31%), while return on equity is positive (19.25%). The coexistence of negative ROA and positive ROE is consistent with negative equity; this increases financial statement sensitivity to changes in earnings.

Explicitly highlighted metrics exceeding conservative thresholds:
- Gross margin: 41.39% — exceeds a conservative profitability threshold of 30%, indicating the firm’s core operations (revenues less direct costs) generate a healthy margin.
- Return on equity (ROE): 19.25% — exceeds a conservative threshold of 15%, indicating a high return relative to reported equity (note: this must be interpreted cautiously given negative equity).

key_risks:
- Liquidity shortfall: current and quick ratios materially below 1.0 signal elevated near‑term refinancing or working capital risk.
- Negative equity dynamics: the negative debt-to-equity ratio indicates an equity deficit; balance sheet solvency and covenant compliance risk are heightened.
- Profitability pressure after operating costs: despite solid gross margin, negative operating and net margins suggest operating expenses, restructuring, or non‑operating charges materially eroded profitability.
- Interest servicing: negative interest coverage indicates operating income is insufficient to cover interest expense; default or restructuring risk exists if financing conditions tighten.
- Financial statement volatility: positive ROE with negative equity can amplify the effect of small earnings swings on solvency metrics and stakeholder perceptions.

recommendations:
- Short-term liquidity action: prioritize negotiations for committed financing lines, covenant waivers, or bridge financing to address immediate working capital needs; maintain documentation for auditors and lenders.
- Balance sheet remediation: develop and disclose a credible plan to restore positive equity (equity injections, debt restructuring, asset disposals) with timelines and triggers.
- Cost control and yield management: implement targeted reviews of operating cost categories that drive the negative operating margin; consider short‑term capacity adjustments and revenue optimization measures.
- Interest and debt repricing: engage creditors to restructure interest terms or maturities to align cash flows with operating recovery; evaluate swap/hedging use only if consistent with risk policy.
- Enhanced monitoring and reporting: increase frequency of covenant and liquidity reporting to management and lenders; stress test cash flows under conservative scenarios.
- Audit and disclosure focus: ensure transparent disclosure of going concern considerations, assumptions underlying remedial plans, and the impact of any forbearance or government support.

confidence_notes:
- Analysis is based solely on the provided ratio values for Kenya Airways for 2021. No additional financial statement line items, notes, or trend data were available for corroboration.
- Recommendations are conservative and framed to address observed ratio-level weaknesses. Actual remediation steps should be based on full financial statements, working capital schedules, creditor agreements, and management forecasts.
- Where thresholds were described (e.g., current ratio of 1.0, gross margin 30%, ROE 15%), those are conservative benchmarks used for highlighting and do not derive from the company’s disclosures."
performance_focus,Kenya Airways,2022,"- summary
  Kenya Airways’ 2022 financial ratios indicate material liquidity stress, negative profitability at the operating and net levels, negative return on assets, and capital-structure concerns. Key measured quantities: current ratio 0.36 and quick ratio 0.336 point to short-term liquidity insufficiency; operating margin is -4.81% and net margin is -32.93%; interest coverage is -0.17, and debt-to-equity is -2.56. Asset turnover is 0.691 and gross margin is 31.70%. These figures collectively indicate the company was not generating sufficient operating profit or cash to cover obligations in 2022.

- key_risks
  1. Liquidity risk — current ratio (0.355) and quick ratio (0.336) materially below a conservative benchmark of 1.0, indicating limited short-term liquid resources to meet current liabilities.
  2. Profitability and cash-flow risk — operating margin (-4.81%) and net margin (-32.93%) are negative; operating losses increase reliance on external financing or asset sales to sustain operations.
  3. Interest/serviceability risk — interest coverage is negative (-0.171), indicating operating income did not cover interest expense in 2022.
  4. Capital structure/solvency risk — debt-to-equity is negative (-2.563). A negative debt/equity ratio is indicative of negative equity or an accounting structure where liabilities exceed assets; this represents heightened solvency risk.
  5. Asset efficiency risk — return on assets is negative (-22.77%), showing assets did not produce positive returns in 2022; while asset turnover (0.691) and gross margin (31.70%) are positive, they were insufficient to offset operating and other costs.
  6. Inconsistency between ROE and other measures — reported ROE is positive (35.58%) despite negative net margin and negative ROA; this inconsistency warrants careful review of equity base (including any negative or non‑recurring items) and the calculation inputs.

- recommendations
  1. Immediate liquidity measures: prepare a short-term liquidity plan with prioritized cash-preservation actions (cash flow forecasting, working-capital tightening, negotiation of payment terms with creditors and suppliers).
  2. Debt and covenant review: assess debt maturity profile, covenants, and any contingent liabilities; engage lenders early to discuss forbearance or restructuring options if required.
  3. Cost and operational review: conduct a detailed cost-to-serve and route/profitability analysis to identify near-term operating cost reductions and capacity adjustments that preserve core revenue drivers.
  4. Capital/structural remediation: perform a balance-sheet review to confirm equity position and the drivers of the negative debt/equity ratio; evaluate capital injection, equity restructuring, or asset disposals as appropriate and feasible.
  5. Interest burden mitigation: examine options to reduce interest expense (refinancing at better rates, converting debt to equity where possible) given the negative interest-coverage ratio.
  6. Audit and disclosure actions: ensure transparent disclosure of the drivers of negative profitability and any material uncertainties that may affect going-concern assessments; consider obtaining external specialist valuation or solvency opinions if required.

- confidence_notes
  - Analysis is limited to the provided ratio values for the year 2022. No additional financial statement line items, cash-flow detail, footnotes, or subsequent events were available for review.
  - Recommendations are based strictly on the supplied ratios and conservative thresholds (e.g., liquidity benchmark of 1.0, positive interest coverage). Any further assessment should use full financial statements, notes, and management forecasts for audit-quality conclusions."
performance_focus,Kenya Airways,2023,"summary
Kenya Airways — 2023: The provided financial ratios indicate constrained short‑term liquidity, low profitability at the operating level and a net loss, and a capital structure showing negative equity (as reflected in the reported negative debt-to-equity). Asset efficiency (asset turnover ~1.01) is within a neutral range, but return metrics show a negative return on assets. Key figures (selected): current ratio 0.419, quick ratio 0.396, gross margin 33.9%, operating margin 5.78%, net margin -12.93%, debt-to-equity -2.302, interest coverage 0.307, asset turnover 1.011, ROA -13.07%, ROE 16.72%. The profile suggests working capital pressure, limited capacity to service debt from operating cash flows, and a loss at the net level despite a positive operating margin.

key_risks
- Short-term liquidity risk: current ratio 0.419 and quick ratio 0.396. Conservative threshold: current or quick ratio <1.0 signals potential difficulty meeting short-term obligations without raising additional liquidity.
- Interest/serviceability risk: interest coverage 0.307. Conservative threshold: interest coverage <1.5 (and particularly <1.0) indicates inadequate operating income to cover interest expense; here coverage is well below 1.0.
- Solvency / capital structure risk: debt-to-equity -2.302. Conservative interpretation: negative debt-to-equity reflects negative shareholder equity (or similar capital structure anomaly) and elevates creditor risk; this departs from conservative capital adequacy norms.
- Profitability shortfall: net margin -12.93% and ROA -13.07%. Conservative threshold: positive net margin and ROA are expected for sustainable profitability; a material net loss indicates earnings insufficiency after non‑operating items and tax.
- Earnings quality constraint: operating margin is positive but modest (5.78%) while net margin is negative, indicating non‑operating items, financing costs or taxes materially erode operating profitability — this raises risk for earnings volatility and limited internal cash generation for reinvestment or debt reduction.

recommendations
- Immediate liquidity measures: prepare and stress‑test a short‑term liquidity plan (cash flow forecast 90–180 days) and identify committed funding lines or receivable/inventory management actions to address current and quick ratio shortfalls.
- Debt and capital structure review: conduct a detailed reconciliation of equity and liabilities to confirm the drivers of negative debt-to-equity; assess options (debt refinancing, equity injection, creditor negotiations) to restore a more conventional capital structure.
- Interest cost mitigation: given interest coverage of 0.307, prioritize actions to reduce interest expense (refinancing, renegotiation) or increase operating income; model the impact of each option on coverage ratios.
- Profitability focus: analyze non‑operating and financing items causing the gap between operating margin (5.78%) and net margin (-12.93%); consider cost controls, yield/cargo mix optimization, and ancillary revenue opportunities that can improve operating cash flow without assuming growth forecasts.
- Monitoring and reporting: implement monthly covenant and liquidity reporting to senior management and creditors until ratios consistently meet conservative thresholds; include scenario sensitivity showing effects on current ratio, interest coverage and net margin.
- Auditor/board communication: ensure transparent disclosure to stakeholders regarding negative equity indicators and contingency plans; seek independent valuation or forensic review if required by auditors or regulators.

confidence_notes
- Analysis is based solely on the provided 2023 ratio set. No balance sheet, cash flow, footnotes, or trend (multi‑year) data were available for validation.
- Interpretations follow conservative thresholds (explicitly cited where used); conclusions are limited to the supplied metrics and do not incorporate external macroeconomic, industry, or company‑specific qualitative information.
- Recommendations are procedural and diagnostic; implementation should follow detailed financial statement review and management validation."
performance_focus,Kenya Airways,2024,"- summary:
  Kenya Airways' 2024 reported ratios show constrained short-term liquidity, modest profitability at the operating level, very low net profitability, and negative equity implied by the debt-to-equity ratio. Key observed figures: current ratio 0.35, quick ratio 0.32, gross margin 32.3%, operating margin 8.82%, net margin 2.85%, debt-to-equity -2.51, interest coverage 1.49, asset turnover 1.05, return on assets 2.99%, and return on equity -4.54%. These measures indicate the company is generating revenue relative to assets and producing positive operating profits, but faces pronounced liquidity pressure and an adverse capital-structure position that may constrain financial flexibility.

- key_risks:
  1. Liquidity risk: current ratio (0.35) and quick ratio (0.32) are materially below conservative thresholds (commonly 1.0), indicating potential difficulty meeting short-term obligations without additional cash or financing.
  2. Capital-structure / solvency risk: the debt-to-equity ratio of -2.51 implies negative equity (liabilities exceed assets). This presents heightened solvency risk and may affect creditor and investor confidence and access to capital markets.
  3. Interest-service vulnerability: interest coverage of 1.49 is below conservative comfort levels (commonly 2.0–3.0), suggesting limited buffer to cover interest expense from operating profit.
  4. Low net profitability: net margin of 2.85% is modest; combined with negative ROE (-4.54%) this indicates equity holders currently see a loss-generating position on their capital base.
  5. Short-term funding dependency: low liquidity metrics plus modest cash-generating margins increase reliance on external financing or working-capital measures, elevating refinancing and covenant risks.

- recommendations:
  1. Liquidity remediation: prioritize actions to increase available liquidity—e.g., accelerate receivables collection, optimise inventory/working-capital, renegotiate payables terms, and preserve cash until structural improvement is evident.
  2. Capital-structure review: conduct a formal capital restructuring assessment to address negative equity, exploring options such as equity injections, debt re-profiling, or asset disposals. Any plan should be evaluated for impact on covenants and ratings.
  3. Interest-cost management: review interest-bearing obligations for possible refinancing, interest-rate hedging, or covenant relief discussions with lenders to increase interest-coverage headroom.
  4. Profitability focus: preserve and extend operating-margin improvements through yield management, cost-control programs, and ancillary revenue strategies while avoiding measures that impair long-term asset productivity.
  5. Enhanced monitoring and reporting: implement frequent (e.g., weekly cash) liquidity reporting and scenario stress-testing to inform management and lender oversight until ratios return to conservative ranges.

- confidence_notes:
  - Analysis is limited to the supplied ratio values for 2024. No additional financial statement line-item detail, trends, or external context were provided. Conclusions are constrained to the provided metrics.
  - Thresholds cited (e.g., current ratio ~1.0; interest coverage 2.0–3.0) are conservative benchmarks for assessment and are presented for risk identification only."
risk_scan,Kenya Airways,2021,"summary:
Kenya Airways' 2021 financial ratios indicate material liquidity stress, negative profitability at the operating and net levels, and a highly leveraged capital structure as reported. Key liquidity measures (current and quick ratios) are substantially below conservative benchmark levels. Profitability metrics show negative operating margin, negative net margin and negative return on assets, while reported return on equity is positive. Interest coverage is negative, indicating operating earnings do not cover interest expense. These observations are based solely on the provided ratios.

key_risks:
- Liquidity risk: current_ratio = 0.317 and quick_ratio = 0.291. Both metrics are below a conservative threshold of 1.0, indicating limited short-term liquidity to meet obligations as they fall due.
- Solvency / leverage risk: debt_equity = -2.867. This negative ratio consistent with equity deficiency or negative shareholders’ equity increases financial vulnerability and may constrain access to financing.
- Interest serviceability risk: interest_coverage = -0.725, below a conservative threshold of 1.0, indicating operating earnings are insufficient to cover interest expense.
- Profitability risk: operating_margin = -0.0969 and net_margin = -0.2284. Both are below a conservative threshold of 0.0, showing operating losses and overall net losses in 2021.
- Asset efficiency and returns: asset_turnover = 0.451 and roa = -0.103. Return on assets is negative, indicating assets did not generate positive net income in 2021.
- Inconsistency between ROE and solvency: roe = 0.192 is positive despite negative ROA and negative equity implied by debt_equity, which may reflect accounting effects of negative equity or one-off items; this disparity warrants close review of equity composition and non-operating items.

recommendations:
- Immediate liquidity assessment: prepare a short-term cash flow forecast and stress scenarios to quantify near-term funding needs and contingency options.
- Capital structure review: review the components of shareholders’ equity and debt to confirm the cause of the negative debt-to-equity ratio and evaluate options to restore capital adequacy (equity injections, debt restructuring, covenant renegotiation).
- Interest burden mitigation: assess the feasibility and terms of refinancing or negotiating interest terms with lenders to improve interest coverage.
- Profitability action plan: perform a root-cause analysis of operating losses to identify cost reduction and revenue recovery measures; prioritize actions with rapid cash impact.
- Enhanced disclosures and audit checks: ensure transparent disclosure of non-recurring items, impairment charges, government support, or accounting adjustments that materially affect margins, ROE and equity; engage auditors to confirm the accuracy and classification of items affecting equity and profitability.
- Monitor covenants and counterparties: review contractual covenants tied to liquidity, leverage and interest coverage and proactively engage counterparties where thresholds are at risk of breach.

confidence_notes:
- Conclusions are limited to the provided ratio values for 2021 and do not incorporate underlying financial statement details, cash flow statements, notes, management discussion, subsequent events, or industry context.
- The identified thresholds (e.g., current_ratio <1.0, interest_coverage <1.0, margins <0.0) are conservative benchmarks commonly used for preliminary risk screening. Results should be validated against full financial statements and audited disclosures before taking action."
risk_scan,Kenya Airways,2022,"summary
Kenya Airways (FY2022) exhibits constrained liquidity, negative profitability at the operating and net levels, and capital-structure indicators consistent with a distressed balance-sheet position. Key ratios for FY2022:
- Current ratio: 0.36
- Quick ratio: 0.34
- Gross margin: 31.70%
- Operating margin: -4.81%
- Net margin: -32.93%
- Debt-to-equity: -2.56
- Interest coverage: -0.17
- Asset turnover: 0.69
- Return on assets (ROA): -22.77%
- Return on equity (ROE): 35.58%

key_risks
- Liquidity risk: current ratio (0.36) and quick ratio (0.34) are well below a conservative threshold of 1.0, indicating limited short-term liquidity buffer and potential difficulty meeting near-term obligations.
- Solvency / balance-sheet risk: debt-to-equity of -2.56 indicates negative equity (liabilities exceed total equity). This exceeds a conservative concern threshold (leverage magnitude and sign) and signals elevated insolvency risk.
- Interest service risk: interest coverage of -0.17 (below a conservative threshold of 1.0, and negative) indicates operating earnings are insufficient to cover interest expense.
- Profitability risk: operating margin (-4.81%) and net margin (-32.93%) are negative; the net margin magnitude is materially adverse relative to a conservative threshold of 0%. ROA is negative (-22.77%), indicating assets are generating negative returns.
- Earnings quality / sustainability concern: gross margin is positive (31.7%) but operating and net profitability are negative, indicating operating costs, non-operating items, or finance costs are eroding gross profit. This disparity represents a risk to sustainable profitability.
- Ratio interpretation caution: ROE is positive (35.58%) despite negative ROA and negative equity implied by debt/equity. This combination can be observed in situations with negative equity and volatile net income; it warrants caution in interpretation.

recommendations
- Immediate liquidity actions: assess short-term cashflow and working-capital needs; consider negotiating extended supplier terms, accelerating receivable collections where feasible, and maintaining a prioritized creditor payment schedule.
- Capital-structure review: engage financial and legal advisors to evaluate recapitalization options, equity injections, or debt restructuring given negative equity and elevated leverage.
- Cost and margin analysis: perform a line-by-line review of operating expenses and non-operating costs to identify actionable cost-reduction opportunities and to isolate drivers of negative operating and net margins.
- Interest and debt servicing: quantify near-term interest and principal obligations and engage creditors proactively to explore covenant relief, refinancing, or payment plans to reduce default risk.
- Reporting and governance: increase frequency of cash-flow forecasting and scenario stress tests; ensure board and lenders receive timely, transparent updates on liquidity and restructuring plans.
- Further analysis recommended: prepare a consolidated cash-flow statement, debt maturity schedule, and notes on off-balance-sheet items to support decision-making and external stakeholder assessments.

confidence_notes
- Basis: analysis is based solely on the provided FY2022 ratio values. No additional financial statements, notes, cash-flow data, or multi-year trends were available for review.
- Limitations: single-year ratios limit assessment of directionality and trend strength. Certain ratios (notably ROE with negative equity) can be misleading without balance-sheet detail; negative debt-to-equity indicates negative shareholders’ equity but the magnitude and composition cannot be confirmed from ratios alone.
- Audit-appropriate caution: conclusions are limited to the numeric indicators supplied. Recommend review of audited financial statements, management discussion & analysis, and supporting schedules before making material financial or investment decisions."
risk_scan,Kenya Airways,2023,"summary
Kenya Airways' 2023 financial ratios indicate material liquidity strain, insufficient earnings relative to interest obligations, and a capital-structure anomaly consistent with negative shareholders' equity. Operating profitability is modestly positive on an operating-margin basis, but net profitability and returns on assets are negative. The combination of low liquidity, weak interest coverage, and a negative debt-to-equity position warrants heightened financial oversight.

key_risks
- Liquidity risk — current_ratio: 0.4190; quick_ratio: 0.3965
  - Both ratios are substantially below the conservative benchmark of 1.0, indicating limited short-term liquid resources to meet current liabilities.
- Solvency / capital structure risk — debt_equity: -2.3023
  - The negative debt-to-equity ratio indicates negative equity (liabilities exceed assets), which represents a significant solvency concern under conservative assessment.
- Interest coverage risk — interest_coverage: 0.3073
  - Interest coverage well below 1.0 suggests operating income is insufficient to cover interest expense on a recurring basis.
- Profitability risk — net_margin: -0.1293; roa: -0.1307
  - Negative net margin and negative return on assets indicate the company recorded a net loss for the period and is generating negative returns on its asset base.
- Operational margin observation — operating_margin: 0.0578; gross_margin: 0.3388; asset_turnover: 1.0107
  - While operating margin is positive, it is modest. Gross margin and asset turnover are not, by themselves, sufficient to offset the net and solvency weaknesses identified.

recommendations
- Liquidity management
  - Prioritize measures to increase short-term liquidity (e.g., accelerate receivables, renegotiate payable terms, and review working-capital requirements). Maintain regular short-term cash flow forecasting and stress testing.
- Capital structure and solvency
  - Evaluate options to restore positive equity (debt restructuring, capital injection, conversion of debt to equity where feasible). Engage with creditors and shareholders early to discuss sustainable restructuring alternatives.
- Interest burden mitigation
  - Assess opportunities to reduce interest expense (refinancing, extending maturities, negotiating covenants). Model the impact of interest reduction on cash flows and covenant compliance.
- Profitability and cost control
  - Review operating cost base and yield management to improve net profitability. Focus on initiatives that protect or improve operating margin while monitoring demand sensitivity.
- Governance and reporting
  - Increase frequency of financial monitoring and reporting to stakeholders. Consider independent review of solvency and going-concern assumptions by external advisors as part of any restructuring process.

confidence_notes
- The analysis is based solely on the supplied 2023 ratio values. No additional financial statement detail, trend data, or management commentary was provided.
- Conclusions are conservative and limited to the ratios supplied; they do not incorporate off-balance-sheet items, subsequent events, or sector-specific operational context that could materially affect assessment.
- Recommend detailed review of the company’s audited financial statements and notes, cash-flow statements, and creditor agreements for a fuller audit-grade evaluation."
risk_scan,Kenya Airways,2024,"summary
- This risk-focused diagnostic reviews the provided 2024 financial ratios for Kenya Airways. Key liquidity indicators (current_ratio 0.35; quick_ratio 0.32) are materially below commonly accepted conservative benchmarks, and leverage and profitability metrics show signs of elevated financial risk. The company reports negative return on equity and a negative debt-to-equity ratio, which indicate structural capital/solvency concerns in the context of the supplied ratios.

key_risks
- Liquidity shortfall: current_ratio = 0.348 and quick_ratio = 0.323. Both metrics are well below a conservative benchmark of 1.0, indicating limited short-term liquidity to meet current obligations.
- Solvency / capital structure: debt_equity = -2.514. The negative sign is consistent with negative shareholder equity (liabilities exceed equity) or classification effects in the balance sheet. This is outside conservative acceptability and signals elevated solvency risk.
- Interest service risk: interest_coverage = 1.489. This is below typical conservative thresholds (for example, 3.0) and implies limited buffer to cover interest expense from operating earnings.
- Profitability pressure: net_margin = 0.028 (2.85%) and roa = 0.0299 (2.99%). Net margin is low and ROA is modest; together these may constrain internal cash generation for reinvestment and debt service.
- Negative equity returns: roe = -0.045 (−4.53%). A negative ROE alongside a positive ROA and negative equity is consistent with capital structure distortion and raises stakeholder concern.
- Operational leverage: operating_margin = 0.088 (8.82%) and gross_margin = 0.323 (32.32%) show that while gross profitability is reasonable, operating costs materially compress bottom‑line returns, contributing to weak net profitability.

recommendations
- Immediate liquidity management: prepare a short-term cashflow plan prioritizing supplier and debt-service obligations; evaluate options to extend payables, accelerate receivables, or secure committed short-term funding to cover near-term maturities.
- Capital structure remediation: conduct a thorough review of equity position and covenant terms. Consider negotiations with lenders/lessors for covenant relief, debt rescheduling, or subordinated capital injections to restore balance‑sheet resilience.
- Improve interest coverage: assess opportunities to reduce interest expense (refinancing at lower rates, converting debt to equity where feasible) and to increase EBITDA through targeted cost reductions or revenue initiatives.
- Cost and margin controls: target controllable operating costs that compress operating margin; review route/network profitability, fleet utilization, and procurement/maintenance contracts for potential savings.
- Financial disclosure and stakeholder engagement: provide transparent, audit‑quality disclosures to creditors, lessors, and investors about liquidity plans and capital actions. Prepare scenario analyses (base, stress) for board and lender review.
- Further audit procedures: obtain and review detailed 2024 financial statements, notes, and cashflow statements to identify any non‑recurring items, accounting policy effects, or classification issues affecting debt/equity presentation.

confidence_notes
- Assessment is limited to the ratios supplied for 2024. Conclusions are conditional on the accuracy and completeness of those inputs.
- Additional information needed to refine the assessment: full audited financial statements (balance sheet, income statement, cashflow), note disclosures (debt terms, lease obligations, government support, one‑off items), and recent covenant or refinancing agreements.
- No assumptions have been made beyond the provided metrics. Recommendations are conservative and intended for further validation with primary financial records."
going_concern_screen,Kenya Airways,2021,"summary:
Kenya Airways' 2021 financial ratios indicate material liquidity shortfalls, operating losses, and solvency concerns. Key liquidity indicators (current and quick ratios) are well below conservative thresholds. Profitability metrics show negative operating and net margins. Interest coverage is negative, and the debt-to-equity ratio is negative, consistent with an equity deficit. Asset efficiency (asset turnover) is modest but not sufficient to offset losses. The indicators collectively raise substantial going-concern considerations and warrant immediate management and stakeholder attention.

key_risks:
- Liquidity risk: current_ratio = 0.317 (conservative threshold: >= 1.0). The company does not appear to have sufficient current assets to cover current liabilities.
- Short-term liquidity risk (acid-test): quick_ratio = 0.291 (conservative threshold: >= 1.0). Immediate liquid resources are materially insufficient.
- Operating performance risk: operating_margin = -0.0969 (conservative threshold: >= 0.0). Core operations are loss-making.
- Net loss and sustainability risk: net_margin = -0.2284 (conservative threshold: >= 0.0). The company is reporting a sizeable net loss relative to revenue.
- Interest-paying capacity risk: interest_coverage = -0.7247 (conservative threshold: >= 1.5). Earnings before interest and taxes do not cover interest expense; coverage is negative.
- Solvency/equity risk: debt_equity = -2.8666 (conservative interpretation: negative indicates equity deficit / accumulated losses). This ratio is outside normal acceptable boundaries and indicates balance sheet stress.
- Asset profitability mismatch: roa = -0.1031 (conservative threshold: >= 0.0). Assets are generating negative returns.
- Inconsistency note (for attention): roe = 0.1925 while roa is negative. This combination should be reviewed in the underlying financial statements; it may reflect negative equity, accounting items, or non-operating factors. (No further inference made without additional data.)

recommendations:
- Immediate liquidity assessment: prepare a short-term cash-flow forecast and contingency plan to address current liabilities due within 12 months. Consider working-capital measures and discussions with lenders and lessors.
- Covenant and creditor engagement: review debt covenants and proactively engage creditors, lessors, and major suppliers to communicate plans and negotiate terms where necessary.
- Operational review: conduct a focused review of operating cost structure and revenue recovery measures to address negative operating margin.
- Balance sheet and equity review: investigate drivers of negative debt-to-equity ratio and reconfirm equity and retained-earnings balances with auditors; assess need for capital injection or restructuring alternatives.
- Interest and financing strategy: evaluate options to reduce interest burden (refinancing, maturity extension, or relief measures) given negative interest coverage.
- Audit and disclosure: ensure full disclosure of going-concern considerations in the 2021 financial statements and coordinate with auditors on any required going-concern assessment and subsequent events.
- Obtain additional data: models and decisions should be based on cash-flow projections, creditor agreements, and management plans; obtain these documents for a full going-concern evaluation.

confidence_notes:
- The assessment is based solely on the provided 2021 ratio values. No additional financial statement detail, cash-flow projections, notes, or subsequent-event information was available for review.
- Ratios are point-in-time indicators and do not capture management actions taken after year-end or lender concessions that may materially affect going-concern conclusions.
- Recommendations are precautionary and should be validated with the company’s detailed financial statements, cash-flow forecasts, and auditor findings before taking action."
going_concern_screen,Kenya Airways,2022,"summary
Kenya Airways — 2022: The company’s 2022 financial ratios indicate material liquidity, solvency and profitability weaknesses that are consistent with heightened going-concern risk. Notable findings: very low liquidity (current ratio 0.36; quick ratio 0.34), large operating and net losses (operating margin -4.81%; net margin -32.93%), negative interest coverage (-0.17) and a negative debt-to-equity ratio (-2.56) implying negative shareholders’ equity. These metrics, taken from the provided ratios alone, suggest the entity may have difficulty meeting near-term obligations without external support or remedial actions.

key_risks
- Liquidity risk: current ratio 0.355 (conservative threshold: <1.0). quick ratio 0.336 (threshold: <1.0). Both metrics are well below conservative thresholds and indicate potential inability to meet short-term liabilities.
- Earnings and cash‑generation risk: net margin -32.93% and operating margin -4.81% (conservative threshold: operating and net margins <0). Persistent losses increase the risk of depleting available resources and impairing solvency.
- Interest and debt servicing risk: interest coverage -0.171 (conservative threshold: <1.0, and especially negative). The company does not generate sufficient operating income to cover interest expense based on the provided ratio.
- Solvency / equity risk: debt-to-equity -2.563. The negative ratio indicates negative shareholders’ equity (conservative threshold: negative or large absolute value). Negative equity is a significant indicator of financial distress and may indicate covenant breaches or restrictions on distributions.
- Metric reliability / distortion risk: return on equity 0.356 (positive) alongside a large negative net margin and negative equity is inconsistent and suggests the ROE figure may be mathematically distorted by negative equity. This creates risk that some profitability metrics are misleading if interpreted in isolation.

recommendations
- Immediate financial assessment: obtain management’s detailed cash-flow forecasts for at least 12 months, including assumptions, available liquidity facilities, covenants and any expected injections of capital or creditor waivers. Verify subsequent receipts and payments.
- Going‑concern evaluation: auditors and management should perform a formal going‑concern assessment in accordance with applicable accounting standards, documenting scenarios, sensitivities and mitigating actions (e.g., creditor negotiations, asset disposals).
- Liquidity remediation: consider prioritising measures to preserve liquidity — renegotiate payment terms with creditors and lessors, seek committed short‑term financing or equity support, and delay non-essential capital expenditures.
- Cost and revenue actions: review immediate cost-reduction opportunities and revenue-enhancement measures; focus on items with near‑term cash impact. Validate feasibility and quantify expected cash benefits.
- Debt and covenant review: review all debt agreements for covenant compliance and potential events of default. Engage lenders early to obtain amendments or forbearance where necessary.
- Detailed audit procedures: perform heightened audit procedures on related-party transactions, going‑concern disclosures, recoverability of receivables and inventories, valuation of long‑lived assets and any subsequent events. Obtain corroborative evidence for management’s plans.
- Stakeholder communication: ensure transparent communication with regulators, lenders and shareholders regarding financial position, planned remedial measures and any material uncertainties.

confidence_notes
- Basis: conclusions are derived solely from the provided 2022 ratio values. No detailed financial statements, notes, cash‑flow schedules, management plans, subsequent events or auditor workpapers were available for review.
- Limitations: a single-year ratio snapshot does not show trends, seasonality, or the effect of post‑balance sheet events. Ratios may be affected by accounting policies, one‑off items, restructuring, government support or capital injections not reflected here.
- Recommendation for confidence improvement: review audited financial statements, notes, management cash forecasts, debt agreements and evidence of subsequent financing or covenant relief to form a complete audit opinion on going‑concern."
going_concern_screen,Kenya Airways,2023,"summary
Kenya Airways' 2023 financial ratios indicate material liquidity stress and earnings weakness with several indicators breaching conservative risk thresholds used in going-concern screening. Key shortfalls are concentrated in liquidity (current and quick ratios), interest-servicing capacity, and profitability measures. The presented ratios warrant immediate management attention and further audit procedures to assess viability and financing plans.

key_risks
- Liquidity shortfall: current_ratio = 0.419 and quick_ratio = 0.396 — both materially below the conservative benchmark of 1.0, indicating potential inability to meet short-term obligations from available/current liquid resources.
- Interest-servicing risk: interest_coverage = 0.307 — well below the conservative threshold of 1.0, indicating reported operating earnings are insufficient to cover reported interest expense.
- Operating and net performance: operating_margin = 0.0578 (low) and net_margin = -0.1293 (negative) — the negative net margin indicates a net loss for the period, reducing internal financing capacity.
- Asset profitability: roa = -0.1307 — negative return on assets indicates the entity did not generate positive returns from its asset base in 2023.
- Balance sheet concerns: debt_equity = -2.302 — a negative debt-to-equity ratio is indicative of negative shareholders’ equity (or otherwise atypical capital structure) and is a significant red flag for solvency assessment.
- Data consistency flag: roe = 0.1672 (positive) while net_margin and roa are negative — this combination is inconsistent under normal circumstances and requires verification of the underlying equity and profit/loss figures.

recommendations
- Immediate liquidity measures: prepare a short-term cash-flow forecast (at least 90–180 days) and identify committed liquidity sources. Prioritise collection of receivables, defer discretionary outflows, and negotiate supplier payment terms where possible.
- Debt and covenant review: review all debt maturities and covenants. Engage lenders proactively to renegotiate maturities or covenant waivers if needed to avoid default triggers.
- Interest expense mitigation: evaluate options to reduce interest burden (refinancing, covenant waivers, or temporary relief from creditors) given interest coverage below 1.0.
- Profitability and cost actions: implement and document targeted measures to improve operating margins (fuel procurement strategies, network optimization, cost-control programs). Quantify expected savings and timing.
- Capital structure and solvency assessment: perform a detailed review of shareholders’ equity composition and verify the calculation of debt_equity and roe. If equity is negative or materially impaired, consider capital injection options (equity raise, government support, or strategic investor) and prepare supporting documentation.
- Audit and disclosure: obtain and document management’s going-concern assessment, including assumptions, sensitivity analyses, and planned mitigating actions. Disclose material uncertainties in external reporting as required by applicable accounting standards.
- Further procedures: request supporting schedules and source documents for the reported ratios, and reconcile any inconsistencies (notably the positive ROE alongside negative margins and ROA).

confidence_notes
- Assessment is based solely on the provided ratios for 2023 and on commonly used conservative benchmarks (e.g., liquidity and interest-coverage thresholds of 1.0). No other financial statements, notes, or management forecasts were provided.
- Recommendations and risk identifications are contingent on the accuracy and completeness of the provided ratios. The flagged inconsistency between roe and the negative profitability ratios requires verification against primary financial statements.
- Additional audit procedures and full financial statement review are necessary to form a definitive going-concern conclusion."
going_concern_screen,Kenya Airways,2024,"summary:
Kenya Airways — 2024 going concern screen. Composite score: 0.25 (risk_band: low). Liquidity ratios are materially weak: current_ratio 0.3483 and quick_ratio 0.3230. Profitability margins are positive but modest: gross_margin 32.32%, operating_margin 8.82%, net_margin 2.85%. Leverage indicators show negative equity representation: debt_equity -2.5146. Interest coverage is limited at 1.4889. Return measures: roa 2.99%, roe -4.54%. Asset turnover is 1.0524. The combination of low liquidity, negative equity metric, and constrained interest coverage warrants focused attention regarding short-term obligations and capital structure, despite the composite risk band reported as low.

key_risks:
- Liquidity insufficiency: current_ratio 0.3483 and quick_ratio 0.3230 are materially below 1.0, indicating limited short-term liquid resources to meet current liabilities without asset liquidation or new financing.
- Capital structure / negative equity signal: debt_equity -2.5146 indicates liabilities exceed equity (negative equity). This raises solvency and covenant concerns and may constrain access to additional funding.
- Interest-service vulnerability: interest_coverage 1.4889 is below commonly used conservative thresholds (e.g., 2.0), indicating limited buffer to absorb interest cost increases or earnings volatility.
- Earnings adequacy: net_margin 2.8452% and roa 2.9943% are modest; roe -4.5353% is negative, reflecting losses attributable to equity holders or equity impairment effects, which may impede equity-based financing options.
- Concentration of short-term funding reliance: implied by low liquidity ratios in combination with modest operating cash-generation metrics (operating_margin 8.8177% and asset_turnover 1.0524), suggesting potential sensitivity to working capital strains.

recommendations:
- Immediate liquidity action: consider securing committed short-term financing or undrawn credit lines to cover working capital needs while avoiding forced asset dispositions.
- Capital structure review: evaluate options to restore positive equity (equity injections, debt re-profiling, convertible instruments) and engage lenders regarding covenants and restructuring where needed.
- Interest cost mitigation: assess opportunities to refinance or extend maturities to improve interest coverage and reduce near-term debt-service pressure.
- Cash-flow focus: enhance receivables collection, optimize inventory and payables terms, and prioritize high-return routes/operations to bolster operating cash flow.
- Enhanced monitoring and disclosure: implement augmented short-term cash forecasting and disclose key going-concern considerations to stakeholders and auditors, including contingency plans if access to financing tightens.

confidence_notes:
- Analysis is based solely on the supplied 2024 ratio dataset and the provided composite score; no additional financial statements, notes, or management plans were reviewed.
- Observations are quantitative and do not incorporate unprovided qualitative information (e.g., committed credit facilities, government support, post-balance-sheet events, or restructuring agreements) that could materially affect going-concern assessment.
- Given the data limitations, users should obtain and review the full financial statements and management representations before making definitive going-concern conclusions."
